model,type,Dominant_Moving,Env1,Env2,Env3,Env4,Env5,Env6,Env7,Env8,Env9,Env10,Env11,Env12
184.0,train,True,27.0,3.0,10.0,12.0,3.0,7.0,5.0,10.0,5.0,9.0,9.0,4.0
184.0,train,False,999.0,421.0,35.0,362.0,19.0,176.0,30.0,549.0,999.0,7.0,999.0,999.0
184.0,target,True,5.0,3.0,10.0,16.0,3.0,7.0,7.0,103.0,5.0,9.0,9.0,4.0
184.0,target,False,317.0,263.0,54.0,592.0,13.0,407.0,999.0,39.0,999.0,7.0,999.0,999.0
185.0,train,True,27.0,3.0,10.0,12.0,3.0,7.0,5.0,10.0,5.0,9.0,9.0,4.0
185.0,train,False,29.0,30.0,34.0,29.0,15.0,411.0,118.0,30.0,33.0,28.0,999.0,999.0
185.0,target,True,27.0,3.0,10.0,12.0,3.0,7.0,5.0,10.0,5.0,9.0,9.0,4.0
185.0,target,False,27.0,28.0,33.0,27.0,21.0,408.0,118.0,28.0,580.0,28.0,999.0,999.0
186.0,train,True,7.0,3.0,10.0,5.0,3.0,7.0,7.0,5.0,7.0,9.0,9.0,4.0
186.0,train,False,5.0,5.0,5.0,5.0,34.0,999.0,999.0,5.0,999.0,28.0,999.0,26.0
186.0,target,True,7.0,3.0,10.0,5.0,3.0,7.0,7.0,5.0,7.0,9.0,9.0,4.0
186.0,target,False,5.0,5.0,5.0,5.0,82.0,999.0,999.0,9.0,295.0,899.0,999.0,27.0
187.0,train,True,9.0,3.0,10.0,14.0,3.0,7.0,7.0,14.0,5.0,11.0,9.0,4.0
187.0,train,False,24.0,27.0,170.0,17.0,999.0,999.0,999.0,19.0,27.0,999.0,999.0,999.0
187.0,target,True,9.0,3.0,10.0,14.0,3.0,7.0,7.0,14.0,5.0,11.0,9.0,4.0
187.0,target,False,24.0,27.0,166.0,162.0,999.0,999.0,999.0,24.0,28.0,999.0,999.0,999.0
188.0,train,True,3.0,3.0,3.0,3.0,3.0,7.0,5.0,8.0,5.0,9.0,9.0,4.0
188.0,train,False,7.0,856.0,3.0,3.0,999.0,999.0,999.0,9.0,999.0,999.0,999.0,999.0
188.0,target,True,3.0,3.0,3.0,3.0,3.0,7.0,5.0,8.0,5.0,9.0,9.0,4.0
188.0,target,False,7.0,7.0,3.0,3.0,999.0,83.0,999.0,11.0,670.0,999.0,999.0,999.0
194.0,train,True,3.0,3.0,3.0,3.0,3.0,7.0,5.0,5.0,5.0,141.0,9.0,4.0
194.0,train,False,3.0,7.0,3.0,3.0,399.0,999.0,999.0,3.0,26.0,27.0,999.0,4.0
194.0,target,True,3.0,3.0,3.0,3.0,3.0,7.0,5.0,5.0,5.0,141.0,9.0,4.0
194.0,target,False,3.0,7.0,3.0,3.0,399.0,999.0,999.0,3.0,26.0,27.0,999.0,4.0
195.0,train,True,10.0,3.0,7.0,14.0,3.0,7.0,7.0,14.0,5.0,11.0,9.0,4.0
195.0,train,False,10.0,82.0,56.0,999.0,234.0,999.0,999.0,24.0,223.0,215.0,999.0,999.0
195.0,target,True,27.0,3.0,10.0,12.0,3.0,7.0,5.0,10.0,5.0,10.0,9.0,4.0
195.0,target,False,45.0,47.0,107.0,10.0,14.0,999.0,999.0,70.0,9.0,35.0,999.0,999.0
196.0,train,True,27.0,3.0,17.0,10.0,3.0,7.0,7.0,8.0,5.0,17.0,9.0,4.0
196.0,train,False,25.0,203.0,27.0,63.0,32.0,35.0,181.0,24.0,999.0,363.0,999.0,6.0
196.0,target,True,27.0,3.0,17.0,10.0,3.0,7.0,7.0,8.0,5.0,17.0,9.0,4.0
196.0,target,False,25.0,639.0,86.0,7.0,44.0,53.0,46.0,39.0,648.0,376.0,999.0,6.0
197.0,train,True,3.0,3.0,3.0,3.0,3.0,7.0,5.0,5.0,3.0,7.0,9.0,4.0
197.0,train,False,5.0,3.0,3.0,3.0,19.0,598.0,775.0,3.0,5.0,9.0,602.0,4.0
197.0,target,True,3.0,3.0,3.0,3.0,3.0,7.0,5.0,5.0,3.0,7.0,9.0,4.0
197.0,target,False,5.0,3.0,3.0,3.0,19.0,598.0,999.0,3.0,3.0,7.0,377.0,4.0
198.0,train,True,18.0,3.0,10.0,12.0,3.0,7.0,5.0,10.0,5.0,15.0,9.0,4.0
198.0,train,False,16.0,16.0,17.0,18.0,65.0,43.0,18.0,18.0,149.0,170.0,999.0,816.0
198.0,target,True,18.0,3.0,10.0,12.0,3.0,7.0,5.0,10.0,5.0,15.0,9.0,4.0
198.0,target,False,17.0,17.0,17.0,19.0,18.0,17.0,17.0,18.0,687.0,42.0,999.0,999.0
199.0,train,True,20.0,3.0,10.0,12.0,3.0,7.0,5.0,10.0,5.0,15.0,9.0,4.0
199.0,train,False,102.0,999.0,151.0,43.0,7.0,53.0,252.0,26.0,5.0,21.0,999.0,4.0
199.0,target,True,34.0,3.0,10.0,16.0,3.0,7.0,5.0,10.0,7.0,11.0,9.0,4.0
199.0,target,False,82.0,999.0,151.0,57.0,7.0,999.0,314.0,11.0,5.0,32.0,999.0,4.0
200.0,train,True,9.0,3.0,10.0,14.0,3.0,7.0,7.0,74.0,5.0,17.0,9.0,4.0
200.0,train,False,999.0,999.0,328.0,999.0,7.0,546.0,338.0,999.0,17.0,20.0,999.0,782.0
200.0,target,True,24.0,3.0,10.0,12.0,3.0,7.0,5.0,103.0,5.0,34.0,9.0,4.0
200.0,target,False,999.0,999.0,999.0,389.0,7.0,999.0,999.0,999.0,22.0,22.0,999.0,187.0
201.0,train,True,3.0,3.0,3.0,3.0,3.0,7.0,5.0,8.0,5.0,9.0,9.0,4.0
201.0,train,False,7.0,3.0,5.0,3.0,999.0,999.0,999.0,4.0,240.0,999.0,999.0,69.0
201.0,target,True,3.0,3.0,3.0,3.0,3.0,7.0,5.0,7.0,5.0,9.0,9.0,4.0
201.0,target,False,3.0,9.0,3.0,3.0,999.0,72.0,98.0,3.0,339.0,184.0,999.0,999.0
202.0,train,True,3.0,3.0,3.0,3.0,3.0,7.0,5.0,5.0,5.0,9.0,9.0,4.0
202.0,train,False,3.0,6.0,3.0,3.0,31.0,999.0,999.0,35.0,5.0,9.0,196.0,999.0
202.0,target,True,3.0,3.0,3.0,3.0,3.0,7.0,5.0,5.0,5.0,9.0,9.0,4.0
202.0,target,False,3.0,6.0,3.0,3.0,31.0,999.0,999.0,127.0,5.0,9.0,142.0,20.0
203.0,train,True,69.0,3.0,5.0,5.0,3.0,7.0,7.0,5.0,7.0,11.0,9.0,4.0
203.0,train,False,5.0,5.0,5.0,5.0,8.0,999.0,999.0,466.0,999.0,326.0,999.0,4.0
203.0,target,True,69.0,3.0,5.0,5.0,3.0,7.0,7.0,5.0,7.0,11.0,9.0,4.0
203.0,target,False,5.0,5.0,5.0,5.0,8.0,999.0,999.0,466.0,283.0,260.0,999.0,8.0
204.0,train,True,27.0,3.0,10.0,12.0,3.0,7.0,5.0,10.0,5.0,9.0,9.0,4.0
204.0,train,False,239.0,291.0,68.0,115.0,999.0,850.0,999.0,111.0,78.0,92.0,999.0,60.0
204.0,target,True,69.0,3.0,10.0,12.0,3.0,7.0,5.0,10.0,5.0,9.0,9.0,4.0
204.0,target,False,165.0,69.0,142.0,56.0,999.0,999.0,917.0,26.0,142.0,17.0,999.0,57.0
205.0,train,True,18.0,3.0,5.0,5.0,3.0,7.0,5.0,5.0,3.0,7.0,9.0,4.0
205.0,train,False,5.0,5.0,5.0,485.0,932.0,999.0,999.0,5.0,4.0,7.0,999.0,4.0
205.0,target,True,18.0,3.0,5.0,5.0,3.0,7.0,5.0,5.0,3.0,7.0,9.0,4.0
205.0,target,False,5.0,5.0,5.0,328.0,43.0,999.0,999.0,5.0,3.0,7.0,999.0,4.0
206.0,train,True,3.0,3.0,3.0,3.0,3.0,7.0,5.0,7.0,3.0,7.0,9.0,4.0
206.0,train,False,3.0,3.0,3.0,3.0,13.0,11.0,13.0,3.0,3.0,9.0,999.0,12.0
206.0,target,True,3.0,3.0,3.0,3.0,3.0,7.0,5.0,7.0,3.0,7.0,9.0,4.0
206.0,target,False,3.0,3.0,3.0,3.0,13.0,11.0,13.0,3.0,3.0,9.0,999.0,12.0
207.0,train,True,5.0,3.0,10.0,11.0,3.0,7.0,5.0,14.0,3.0,11.0,9.0,4.0
207.0,train,False,6.0,11.0,63.0,43.0,9.0,999.0,999.0,14.0,3.0,128.0,999.0,4.0
207.0,target,True,5.0,3.0,10.0,11.0,3.0,7.0,5.0,12.0,3.0,11.0,9.0,4.0
207.0,target,False,6.0,11.0,63.0,43.0,9.0,999.0,999.0,14.0,3.0,128.0,999.0,4.0
208.0,train,True,27.0,3.0,76.0,12.0,3.0,7.0,5.0,14.0,5.0,11.0,9.0,4.0
208.0,train,False,999.0,999.0,999.0,999.0,999.0,999.0,999.0,552.0,999.0,999.0,999.0,999.0
208.0,target,True,27.0,3.0,17.0,10.0,3.0,7.0,7.0,14.0,5.0,11.0,9.0,4.0
208.0,target,False,999.0,999.0,999.0,999.0,999.0,999.0,227.0,999.0,999.0,999.0,999.0,999.0
209.0,train,True,27.0,3.0,41.0,12.0,3.0,7.0,7.0,12.0,5.0,11.0,9.0,4.0
209.0,train,False,999.0,999.0,999.0,999.0,999.0,999.0,999.0,999.0,999.0,999.0,999.0,999.0
209.0,target,True,27.0,3.0,10.0,12.0,3.0,7.0,5.0,10.0,5.0,9.0,9.0,4.0
209.0,target,False,999.0,999.0,999.0,999.0,999.0,999.0,999.0,999.0,999.0,999.0,999.0,999.0
210.0,train,True,27.0,3.0,10.0,12.0,3.0,7.0,5.0,10.0,5.0,9.0,9.0,4.0
210.0,train,False,999.0,999.0,999.0,999.0,999.0,999.0,999.0,999.0,999.0,999.0,999.0,999.0
210.0,target,True,27.0,3.0,10.0,12.0,3.0,7.0,5.0,10.0,5.0,9.0,9.0,4.0
210.0,target,False,999.0,999.0,999.0,999.0,999.0,999.0,999.0,999.0,999.0,999.0,999.0,999.0
211.0,train,True,27.0,3.0,41.0,12.0,3.0,7.0,7.0,12.0,5.0,11.0,9.0,4.0
211.0,train,False,999.0,999.0,999.0,999.0,999.0,999.0,999.0,999.0,999.0,999.0,999.0,999.0
211.0,target,True,27.0,3.0,11.0,12.0,3.0,7.0,5.0,14.0,5.0,15.0,9.0,4.0
211.0,target,False,999.0,999.0,999.0,999.0,999.0,999.0,999.0,999.0,999.0,999.0,999.0,999.0
212.0,train,True,27.0,3.0,10.0,12.0,3.0,7.0,5.0,10.0,5.0,9.0,9.0,4.0
212.0,train,False,999.0,999.0,999.0,999.0,999.0,999.0,999.0,999.0,999.0,999.0,999.0,999.0
212.0,target,True,27.0,3.0,10.0,12.0,3.0,7.0,5.0,10.0,5.0,9.0,9.0,4.0
212.0,target,False,999.0,999.0,999.0,999.0,999.0,999.0,999.0,999.0,999.0,999.0,999.0,999.0
213.0,train,True,27.0,3.0,11.0,12.0,3.0,7.0,5.0,14.0,5.0,15.0,9.0,4.0
213.0,train,False,999.0,999.0,999.0,999.0,999.0,999.0,999.0,999.0,999.0,999.0,999.0,999.0
213.0,target,True,27.0,3.0,10.0,12.0,3.0,7.0,5.0,10.0,5.0,9.0,9.0,4.0
213.0,target,False,999.0,999.0,999.0,999.0,999.0,999.0,999.0,999.0,999.0,999.0,999.0,999.0
214.0,train,True,27.0,3.0,10.0,12.0,3.0,7.0,5.0,10.0,5.0,9.0,9.0,4.0
214.0,train,False,999.0,999.0,999.0,999.0,999.0,999.0,999.0,999.0,999.0,999.0,999.0,999.0
214.0,target,True,27.0,3.0,10.0,12.0,3.0,7.0,5.0,10.0,5.0,9.0,9.0,4.0
214.0,target,False,999.0,999.0,999.0,999.0,999.0,999.0,999.0,999.0,999.0,999.0,999.0,999.0
215.0,train,True,27.0,3.0,76.0,12.0,3.0,7.0,5.0,14.0,5.0,11.0,9.0,4.0
215.0,train,False,999.0,999.0,999.0,999.0,999.0,999.0,999.0,999.0,999.0,999.0,999.0,999.0
215.0,target,True,27.0,3.0,76.0,12.0,3.0,7.0,5.0,14.0,5.0,11.0,9.0,4.0
215.0,target,False,999.0,999.0,999.0,999.0,999.0,999.0,999.0,999.0,999.0,999.0,999.0,999.0
216.0,train,True,27.0,3.0,10.0,12.0,3.0,7.0,5.0,10.0,5.0,9.0,9.0,4.0
216.0,train,False,999.0,536.0,999.0,999.0,999.0,999.0,999.0,999.0,999.0,999.0,999.0,999.0
216.0,target,True,27.0,3.0,10.0,12.0,3.0,7.0,5.0,10.0,5.0,9.0,9.0,4.0
216.0,target,False,999.0,999.0,999.0,999.0,999.0,999.0,999.0,999.0,999.0,999.0,999.0,999.0
218.0,train,True,27.0,3.0,10.0,12.0,3.0,7.0,5.0,10.0,5.0,9.0,9.0,4.0
218.0,train,False,999.0,536.0,999.0,999.0,999.0,999.0,999.0,999.0,999.0,999.0,999.0,999.0
218.0,target,True,27.0,3.0,10.0,12.0,3.0,7.0,5.0,10.0,5.0,9.0,9.0,4.0
218.0,target,False,999.0,999.0,999.0,999.0,999.0,999.0,999.0,999.0,999.0,999.0,999.0,999.0
219.0,train,True,3.0,3.0,3.0,3.0,3.0,7.0,5.0,5.0,5.0,17.0,9.0,4.0
219.0,train,False,3.0,5.0,3.0,3.0,999.0,999.0,999.0,3.0,7.0,280.0,999.0,4.0
219.0,target,True,3.0,3.0,3.0,3.0,3.0,7.0,5.0,5.0,5.0,17.0,9.0,4.0
219.0,target,False,3.0,5.0,3.0,3.0,999.0,999.0,999.0,3.0,7.0,148.0,999.0,4.0
220.0,train,True,7.0,3.0,10.0,13.0,3.0,7.0,5.0,11.0,3.0,9.0,9.0,4.0
220.0,train,False,5.0,97.0,125.0,5.0,999.0,999.0,999.0,17.0,3.0,99.0,999.0,4.0
220.0,target,True,7.0,3.0,10.0,5.0,3.0,7.0,7.0,5.0,3.0,9.0,9.0,4.0
220.0,target,False,5.0,999.0,5.0,5.0,999.0,999.0,999.0,17.0,3.0,166.0,999.0,4.0
221.0,train,True,3.0,3.0,3.0,3.0,3.0,7.0,5.0,5.0,5.0,17.0,9.0,4.0
221.0,train,False,3.0,3.0,3.0,3.0,999.0,999.0,999.0,3.0,5.0,999.0,999.0,999.0
221.0,target,True,3.0,3.0,3.0,3.0,3.0,7.0,5.0,5.0,3.0,7.0,9.0,4.0
221.0,target,False,5.0,3.0,3.0,3.0,999.0,999.0,999.0,3.0,5.0,16.0,999.0,999.0
222.0,train,True,3.0,3.0,3.0,3.0,3.0,7.0,5.0,8.0,5.0,9.0,9.0,4.0
222.0,train,False,7.0,320.0,400.0,3.0,999.0,999.0,999.0,34.0,15.0,11.0,999.0,999.0
222.0,target,True,3.0,3.0,3.0,3.0,3.0,7.0,5.0,8.0,5.0,9.0,9.0,4.0
222.0,target,False,7.0,320.0,400.0,3.0,999.0,999.0,999.0,34.0,15.0,11.0,999.0,999.0
223.0,train,True,28.0,3.0,5.0,12.0,3.0,7.0,5.0,15.0,5.0,11.0,9.0,4.0
223.0,train,False,323.0,330.0,3.0,336.0,999.0,999.0,999.0,963.0,999.0,16.0,999.0,999.0
223.0,target,True,27.0,3.0,10.0,9.0,3.0,7.0,7.0,15.0,5.0,11.0,9.0,4.0
223.0,target,False,323.0,427.0,156.0,66.0,999.0,999.0,999.0,5.0,999.0,19.0,999.0,999.0
224.0,train,True,3.0,3.0,3.0,3.0,3.0,7.0,5.0,7.0,5.0,8.0,9.0,4.0
224.0,train,False,3.0,22.0,3.0,3.0,999.0,999.0,999.0,5.0,999.0,999.0,999.0,999.0
224.0,target,True,3.0,3.0,3.0,3.0,3.0,7.0,5.0,7.0,5.0,8.0,9.0,4.0
224.0,target,False,3.0,22.0,3.0,3.0,999.0,999.0,999.0,5.0,999.0,999.0,999.0,999.0
225.0,train,True,3.0,3.0,8.0,4.0,3.0,7.0,7.0,10.0,5.0,9.0,9.0,4.0
225.0,train,False,3.0,295.0,8.0,3.0,999.0,999.0,999.0,37.0,9.0,7.0,999.0,999.0
225.0,target,True,3.0,3.0,8.0,4.0,3.0,7.0,7.0,10.0,5.0,9.0,9.0,4.0
225.0,target,False,3.0,999.0,8.0,3.0,999.0,999.0,999.0,15.0,9.0,7.0,999.0,999.0
226.0,train,True,7.0,3.0,10.0,5.0,3.0,7.0,7.0,7.0,5.0,9.0,9.0,4.0
226.0,train,False,5.0,5.0,5.0,9.0,999.0,999.0,999.0,7.0,999.0,999.0,999.0,999.0
226.0,target,True,7.0,3.0,10.0,5.0,3.0,7.0,7.0,7.0,5.0,9.0,9.0,4.0
226.0,target,False,5.0,5.0,5.0,9.0,999.0,999.0,999.0,7.0,999.0,236.0,999.0,999.0
227.0,train,True,3.0,3.0,3.0,3.0,3.0,7.0,5.0,5.0,3.0,17.0,9.0,4.0
227.0,train,False,4.0,3.0,3.0,3.0,999.0,26.0,999.0,3.0,3.0,250.0,999.0,734.0
227.0,target,True,3.0,3.0,3.0,3.0,3.0,7.0,5.0,5.0,5.0,17.0,9.0,4.0
227.0,target,False,3.0,5.0,3.0,3.0,999.0,231.0,999.0,3.0,17.0,49.0,999.0,713.0
228.0,train,True,27.0,3.0,42.0,12.0,3.0,7.0,7.0,12.0,5.0,11.0,9.0,4.0
228.0,train,False,12.0,49.0,999.0,3.0,999.0,999.0,999.0,3.0,3.0,999.0,999.0,36.0
228.0,target,True,3.0,3.0,3.0,3.0,3.0,7.0,5.0,8.0,5.0,9.0,9.0,4.0
228.0,target,False,7.0,522.0,3.0,3.0,999.0,999.0,999.0,3.0,3.0,999.0,999.0,661.0
229.0,train,True,3.0,3.0,3.0,3.0,3.0,7.0,5.0,8.0,5.0,9.0,9.0,4.0
229.0,train,False,5.0,26.0,3.0,3.0,999.0,999.0,999.0,3.0,918.0,81.0,999.0,332.0
229.0,target,True,3.0,3.0,3.0,3.0,3.0,7.0,5.0,8.0,5.0,9.0,9.0,4.0
229.0,target,False,5.0,26.0,3.0,3.0,999.0,999.0,999.0,3.0,9.0,83.0,999.0,102.0
230.0,train,True,27.0,3.0,10.0,12.0,3.0,7.0,5.0,7.0,5.0,9.0,9.0,4.0
230.0,train,False,11.0,999.0,149.0,7.0,999.0,999.0,999.0,5.0,3.0,750.0,999.0,999.0
230.0,target,True,27.0,3.0,10.0,12.0,3.0,7.0,5.0,7.0,5.0,9.0,9.0,4.0
230.0,target,False,11.0,999.0,149.0,7.0,999.0,999.0,999.0,5.0,3.0,750.0,999.0,999.0
231.0,train,True,3.0,3.0,3.0,3.0,3.0,7.0,5.0,8.0,3.0,9.0,9.0,4.0
231.0,train,False,5.0,301.0,3.0,5.0,999.0,999.0,999.0,26.0,999.0,610.0,999.0,538.0
231.0,target,True,3.0,3.0,3.0,3.0,3.0,7.0,5.0,8.0,3.0,9.0,9.0,4.0
231.0,target,False,7.0,5.0,3.0,3.0,999.0,999.0,999.0,139.0,936.0,502.0,999.0,916.0
232.0,train,True,3.0,3.0,3.0,3.0,3.0,7.0,5.0,8.0,5.0,9.0,9.0,4.0
232.0,train,False,7.0,19.0,3.0,3.0,999.0,999.0,999.0,3.0,999.0,999.0,999.0,8.0
232.0,target,True,3.0,3.0,3.0,3.0,3.0,7.0,5.0,8.0,3.0,9.0,9.0,4.0
232.0,target,False,7.0,17.0,3.0,3.0,999.0,999.0,999.0,3.0,999.0,999.0,999.0,8.0
233.0,train,True,11.0,3.0,7.0,7.0,3.0,7.0,5.0,10.0,5.0,11.0,9.0,4.0
233.0,train,False,7.0,999.0,7.0,3.0,999.0,999.0,999.0,15.0,7.0,999.0,999.0,999.0
233.0,target,True,11.0,3.0,7.0,7.0,3.0,7.0,5.0,10.0,5.0,11.0,9.0,4.0
233.0,target,False,7.0,999.0,7.0,3.0,999.0,999.0,999.0,21.0,9.0,999.0,999.0,999.0
234.0,train,True,16.0,3.0,10.0,16.0,3.0,7.0,5.0,15.0,5.0,11.0,9.0,4.0
234.0,train,False,7.0,16.0,155.0,10.0,999.0,999.0,999.0,16.0,14.0,999.0,999.0,33.0
234.0,target,True,16.0,3.0,10.0,16.0,3.0,7.0,5.0,14.0,5.0,15.0,9.0,4.0
234.0,target,False,7.0,15.0,167.0,10.0,999.0,999.0,999.0,16.0,14.0,999.0,999.0,33.0
235.0,train,True,27.0,3.0,72.0,16.0,3.0,7.0,5.0,14.0,5.0,11.0,9.0,4.0
235.0,train,False,322.0,999.0,999.0,999.0,999.0,19.0,18.0,999.0,999.0,999.0,999.0,999.0
235.0,target,True,3.0,3.0,3.0,3.0,3.0,7.0,5.0,5.0,5.0,17.0,9.0,4.0
235.0,target,False,3.0,3.0,3.0,3.0,999.0,40.0,129.0,3.0,999.0,999.0,999.0,999.0
236.0,train,True,27.0,3.0,10.0,12.0,3.0,7.0,5.0,10.0,5.0,9.0,9.0,4.0
236.0,train,False,999.0,575.0,999.0,342.0,999.0,999.0,999.0,999.0,999.0,999.0,999.0,999.0
236.0,target,True,27.0,3.0,10.0,12.0,3.0,7.0,5.0,10.0,5.0,9.0,9.0,4.0
236.0,target,False,999.0,999.0,999.0,999.0,999.0,999.0,999.0,999.0,999.0,999.0,999.0,999.0
237.0,train,True,27.0,3.0,10.0,12.0,3.0,7.0,5.0,10.0,5.0,9.0,9.0,4.0
237.0,train,False,999.0,341.0,999.0,64.0,999.0,368.0,999.0,41.0,999.0,999.0,9.0,999.0
237.0,target,True,27.0,3.0,10.0,12.0,3.0,7.0,5.0,10.0,5.0,9.0,9.0,4.0
237.0,target,False,999.0,341.0,999.0,64.0,999.0,368.0,999.0,41.0,999.0,999.0,9.0,999.0
238.0,train,True,27.0,3.0,10.0,12.0,3.0,7.0,5.0,10.0,5.0,9.0,9.0,4.0
238.0,train,False,999.0,999.0,999.0,999.0,999.0,999.0,999.0,999.0,999.0,999.0,999.0,999.0
238.0,target,True,27.0,3.0,10.0,12.0,3.0,7.0,5.0,10.0,5.0,9.0,9.0,4.0
238.0,target,False,999.0,999.0,999.0,999.0,999.0,999.0,999.0,999.0,999.0,999.0,999.0,999.0
239.0,train,True,27.0,3.0,10.0,12.0,3.0,7.0,5.0,10.0,3.0,9.0,9.0,4.0
239.0,train,False,999.0,999.0,999.0,999.0,999.0,999.0,178.0,14.0,999.0,999.0,45.0,999.0
239.0,target,True,27.0,3.0,10.0,12.0,3.0,7.0,5.0,10.0,5.0,10.0,9.0,4.0
239.0,target,False,999.0,147.0,41.0,999.0,999.0,257.0,999.0,999.0,999.0,999.0,190.0,999.0
240.0,train,True,27.0,3.0,10.0,12.0,3.0,7.0,5.0,10.0,5.0,9.0,9.0,4.0
240.0,train,False,999.0,999.0,999.0,999.0,999.0,999.0,999.0,999.0,999.0,999.0,999.0,999.0
240.0,target,True,27.0,3.0,10.0,12.0,3.0,7.0,5.0,10.0,5.0,9.0,9.0,4.0
240.0,target,False,999.0,999.0,999.0,999.0,999.0,999.0,999.0,999.0,999.0,999.0,999.0,999.0
241.0,train,True,27.0,3.0,10.0,12.0,3.0,7.0,5.0,10.0,5.0,9.0,9.0,4.0
241.0,train,False,999.0,999.0,999.0,999.0,999.0,999.0,999.0,999.0,999.0,999.0,728.0,999.0
241.0,target,True,27.0,3.0,10.0,12.0,3.0,7.0,5.0,10.0,5.0,9.0,9.0,4.0
241.0,target,False,999.0,999.0,999.0,999.0,999.0,999.0,999.0,999.0,999.0,999.0,999.0,999.0
242.0,train,True,28.0,3.0,5.0,12.0,3.0,7.0,5.0,24.0,7.0,11.0,9.0,4.0
242.0,train,False,432.0,5.0,42.0,3.0,999.0,450.0,241.0,3.0,999.0,999.0,9.0,999.0
242.0,target,True,27.0,3.0,10.0,12.0,3.0,7.0,5.0,10.0,5.0,9.0,9.0,4.0
242.0,target,False,999.0,341.0,999.0,88.0,999.0,639.0,999.0,999.0,100.0,999.0,999.0,206.0
243.0,train,True,27.0,3.0,10.0,12.0,3.0,7.0,5.0,10.0,5.0,9.0,9.0,4.0
243.0,train,False,999.0,999.0,999.0,999.0,999.0,999.0,999.0,999.0,999.0,999.0,999.0,999.0
243.0,target,True,27.0,3.0,10.0,12.0,3.0,7.0,5.0,10.0,5.0,9.0,9.0,4.0
243.0,target,False,999.0,999.0,999.0,999.0,999.0,999.0,999.0,999.0,999.0,999.0,999.0,268.0
244.0,train,True,27.0,3.0,10.0,12.0,3.0,7.0,5.0,10.0,5.0,9.0,9.0,4.0
244.0,train,False,999.0,999.0,999.0,999.0,999.0,999.0,999.0,999.0,999.0,999.0,999.0,999.0
244.0,target,True,27.0,3.0,10.0,12.0,3.0,7.0,5.0,10.0,5.0,9.0,9.0,4.0
244.0,target,False,999.0,999.0,999.0,999.0,999.0,999.0,999.0,999.0,999.0,999.0,999.0,999.0
245.0,train,True,3.0,3.0,3.0,3.0,3.0,7.0,5.0,8.0,5.0,9.0,9.0,4.0
245.0,train,False,5.0,3.0,5.0,3.0,999.0,10.0,12.0,3.0,123.0,999.0,999.0,999.0
245.0,target,True,3.0,3.0,3.0,3.0,3.0,7.0,5.0,8.0,5.0,9.0,9.0,4.0
245.0,target,False,5.0,3.0,5.0,3.0,999.0,9.0,12.0,3.0,999.0,999.0,299.0,999.0
246.0,train,True,27.0,3.0,10.0,12.0,3.0,7.0,5.0,10.0,5.0,9.0,9.0,4.0
246.0,train,False,999.0,999.0,999.0,999.0,999.0,999.0,999.0,999.0,999.0,999.0,999.0,999.0
246.0,target,True,27.0,3.0,10.0,12.0,3.0,7.0,5.0,10.0,5.0,9.0,9.0,4.0
246.0,target,False,999.0,999.0,999.0,999.0,999.0,999.0,999.0,999.0,999.0,999.0,999.0,999.0
247.0,train,True,27.0,3.0,10.0,12.0,3.0,7.0,5.0,10.0,5.0,9.0,9.0,4.0
247.0,train,False,999.0,999.0,999.0,999.0,999.0,999.0,999.0,999.0,999.0,999.0,999.0,999.0
247.0,target,True,27.0,3.0,10.0,12.0,3.0,7.0,5.0,10.0,5.0,9.0,9.0,4.0
247.0,target,False,999.0,999.0,999.0,999.0,999.0,999.0,999.0,999.0,999.0,999.0,999.0,999.0
248.0,train,True,11.0,3.0,9.0,9.0,3.0,7.0,5.0,10.0,5.0,9.0,9.0,4.0
248.0,train,False,9.0,999.0,9.0,999.0,999.0,999.0,999.0,9.0,999.0,999.0,999.0,999.0
248.0,target,True,27.0,3.0,10.0,12.0,3.0,7.0,5.0,10.0,5.0,9.0,9.0,4.0
248.0,target,False,999.0,999.0,999.0,999.0,999.0,999.0,999.0,9.0,999.0,999.0,999.0,999.0
249.0,train,True,27.0,3.0,10.0,12.0,3.0,7.0,5.0,10.0,5.0,9.0,9.0,4.0
249.0,train,False,999.0,999.0,999.0,999.0,999.0,999.0,999.0,999.0,999.0,999.0,999.0,219.0
249.0,target,True,27.0,3.0,10.0,12.0,3.0,7.0,5.0,10.0,5.0,9.0,9.0,4.0
249.0,target,False,999.0,999.0,999.0,999.0,999.0,999.0,999.0,999.0,999.0,999.0,999.0,999.0
250.0,train,True,27.0,3.0,10.0,12.0,3.0,7.0,5.0,10.0,5.0,9.0,9.0,4.0
250.0,train,False,999.0,999.0,999.0,999.0,999.0,999.0,999.0,999.0,999.0,999.0,999.0,999.0
250.0,target,True,27.0,3.0,10.0,12.0,3.0,7.0,5.0,10.0,5.0,9.0,9.0,4.0
250.0,target,False,999.0,341.0,999.0,999.0,999.0,999.0,999.0,999.0,999.0,999.0,999.0,999.0
251.0,train,True,27.0,3.0,10.0,12.0,3.0,7.0,5.0,10.0,5.0,9.0,9.0,4.0
251.0,train,False,999.0,999.0,999.0,999.0,490.0,999.0,999.0,999.0,999.0,999.0,999.0,446.0
251.0,target,True,27.0,3.0,10.0,12.0,3.0,7.0,5.0,10.0,5.0,9.0,9.0,4.0
251.0,target,False,999.0,152.0,999.0,999.0,632.0,999.0,999.0,999.0,948.0,999.0,999.0,219.0
252.0,train,True,3.0,3.0,3.0,3.0,3.0,7.0,5.0,8.0,5.0,9.0,9.0,4.0
252.0,train,False,5.0,3.0,10.0,3.0,999.0,76.0,999.0,3.0,999.0,999.0,999.0,999.0
252.0,target,True,3.0,3.0,3.0,3.0,3.0,7.0,5.0,8.0,5.0,9.0,9.0,4.0
252.0,target,False,5.0,3.0,10.0,3.0,999.0,999.0,999.0,3.0,999.0,999.0,999.0,999.0
253.0,train,True,27.0,3.0,10.0,12.0,3.0,7.0,5.0,10.0,5.0,9.0,9.0,4.0
253.0,train,False,999.0,5.0,999.0,999.0,999.0,999.0,999.0,999.0,18.0,999.0,917.0,999.0
253.0,target,True,27.0,3.0,10.0,12.0,3.0,7.0,5.0,10.0,3.0,9.0,9.0,4.0
253.0,target,False,999.0,5.0,999.0,999.0,999.0,999.0,999.0,999.0,4.0,999.0,999.0,999.0
254.0,train,True,27.0,3.0,10.0,12.0,3.0,7.0,5.0,10.0,5.0,9.0,9.0,4.0
254.0,train,False,999.0,341.0,999.0,64.0,999.0,368.0,999.0,41.0,999.0,999.0,40.0,999.0
254.0,target,True,27.0,3.0,10.0,12.0,3.0,7.0,5.0,10.0,5.0,9.0,9.0,4.0
254.0,target,False,999.0,341.0,999.0,64.0,999.0,368.0,999.0,41.0,999.0,999.0,40.0,999.0
255.0,train,True,28.0,3.0,10.0,5.0,3.0,7.0,5.0,5.0,5.0,15.0,9.0,4.0
255.0,train,False,5.0,7.0,5.0,5.0,999.0,999.0,999.0,5.0,999.0,406.0,999.0,999.0
255.0,target,True,28.0,3.0,5.0,12.0,3.0,7.0,5.0,24.0,3.0,11.0,9.0,4.0
255.0,target,False,441.0,5.0,999.0,58.0,999.0,486.0,999.0,253.0,999.0,999.0,999.0,999.0
256.0,train,True,27.0,3.0,10.0,12.0,3.0,7.0,5.0,10.0,5.0,9.0,9.0,4.0
256.0,train,False,999.0,999.0,999.0,999.0,999.0,999.0,999.0,999.0,999.0,999.0,999.0,999.0
256.0,target,True,27.0,3.0,10.0,12.0,3.0,7.0,5.0,10.0,5.0,9.0,9.0,4.0
256.0,target,False,999.0,999.0,999.0,999.0,999.0,999.0,999.0,999.0,999.0,999.0,999.0,999.0
257.0,train,True,28.0,3.0,5.0,12.0,3.0,7.0,5.0,24.0,7.0,11.0,9.0,4.0
257.0,train,False,999.0,125.0,129.0,999.0,999.0,999.0,999.0,31.0,999.0,999.0,999.0,147.0
257.0,target,True,69.0,3.0,10.0,12.0,3.0,7.0,5.0,10.0,5.0,9.0,9.0,4.0
257.0,target,False,999.0,73.0,129.0,999.0,999.0,999.0,999.0,31.0,999.0,999.0,741.0,4.0
258.0,train,True,27.0,3.0,10.0,12.0,3.0,7.0,5.0,10.0,5.0,9.0,9.0,4.0
258.0,train,False,999.0,999.0,999.0,999.0,999.0,999.0,999.0,999.0,999.0,999.0,999.0,999.0
258.0,target,True,27.0,3.0,10.0,12.0,3.0,7.0,5.0,10.0,5.0,9.0,9.0,4.0
258.0,target,False,999.0,999.0,999.0,999.0,438.0,999.0,999.0,999.0,999.0,999.0,999.0,36.0
259.0,train,True,27.0,3.0,10.0,12.0,3.0,7.0,5.0,10.0,5.0,9.0,9.0,4.0
259.0,train,False,999.0,999.0,244.0,999.0,999.0,219.0,766.0,999.0,999.0,999.0,999.0,999.0
259.0,target,True,27.0,3.0,10.0,12.0,3.0,7.0,5.0,10.0,5.0,9.0,9.0,4.0
259.0,target,False,999.0,999.0,999.0,479.0,999.0,296.0,468.0,999.0,999.0,999.0,264.0,999.0
260.0,train,True,11.0,3.0,10.0,10.0,3.0,7.0,7.0,14.0,5.0,11.0,9.0,4.0
260.0,train,False,11.0,999.0,999.0,57.0,999.0,999.0,999.0,999.0,9.0,999.0,999.0,194.0
260.0,target,True,18.0,3.0,9.0,9.0,3.0,7.0,5.0,9.0,5.0,9.0,9.0,4.0
260.0,target,False,9.0,9.0,9.0,9.0,999.0,999.0,999.0,9.0,7.0,999.0,999.0,81.0
261.0,train,True,24.0,3.0,11.0,12.0,3.0,7.0,5.0,14.0,5.0,15.0,9.0,4.0
261.0,train,False,89.0,117.0,313.0,91.0,999.0,999.0,999.0,9.0,999.0,999.0,999.0,14.0
261.0,target,True,27.0,3.0,41.0,12.0,3.0,7.0,7.0,12.0,5.0,11.0,9.0,4.0
261.0,target,False,68.0,14.0,339.0,23.0,999.0,999.0,999.0,71.0,999.0,999.0,999.0,104.0
262.0,train,True,27.0,3.0,10.0,12.0,3.0,7.0,5.0,11.0,5.0,17.0,9.0,4.0
262.0,train,False,999.0,999.0,999.0,999.0,999.0,432.0,31.0,999.0,999.0,999.0,394.0,999.0
262.0,target,True,27.0,3.0,10.0,12.0,3.0,7.0,5.0,11.0,5.0,22.0,9.0,4.0
262.0,target,False,999.0,999.0,999.0,999.0,999.0,999.0,113.0,999.0,999.0,999.0,999.0,999.0
263.0,train,True,27.0,3.0,10.0,12.0,3.0,7.0,5.0,10.0,5.0,9.0,9.0,4.0
263.0,train,False,999.0,999.0,999.0,999.0,11.0,999.0,999.0,999.0,33.0,999.0,893.0,320.0
263.0,target,True,27.0,3.0,10.0,12.0,3.0,7.0,5.0,10.0,5.0,9.0,9.0,4.0
263.0,target,False,999.0,999.0,999.0,999.0,999.0,999.0,999.0,999.0,666.0,999.0,999.0,999.0
264.0,train,True,27.0,3.0,10.0,12.0,3.0,7.0,5.0,10.0,5.0,9.0,9.0,4.0
264.0,train,False,999.0,152.0,41.0,999.0,387.0,139.0,64.0,999.0,249.0,999.0,999.0,214.0
264.0,target,True,27.0,3.0,10.0,12.0,3.0,7.0,5.0,10.0,5.0,9.0,9.0,4.0
264.0,target,False,598.0,48.0,29.0,55.0,999.0,999.0,999.0,11.0,290.0,999.0,999.0,999.0
265.0,train,True,5.0,3.0,10.0,11.0,3.0,7.0,5.0,14.0,5.0,11.0,9.0,4.0
265.0,train,False,3.0,999.0,66.0,57.0,999.0,21.0,9.0,11.0,999.0,39.0,999.0,999.0
265.0,target,True,27.0,3.0,17.0,10.0,3.0,7.0,7.0,14.0,5.0,11.0,9.0,4.0
265.0,target,False,341.0,167.0,163.0,21.0,999.0,19.0,15.0,68.0,999.0,69.0,575.0,999.0
266.0,train,True,27.0,3.0,10.0,12.0,3.0,7.0,5.0,10.0,5.0,9.0,9.0,4.0
266.0,train,False,999.0,341.0,999.0,64.0,999.0,368.0,999.0,41.0,999.0,999.0,40.0,999.0
266.0,target,True,27.0,3.0,10.0,12.0,3.0,7.0,5.0,10.0,5.0,9.0,9.0,4.0
266.0,target,False,999.0,341.0,999.0,64.0,999.0,368.0,999.0,41.0,999.0,999.0,40.0,999.0
267.0,train,True,3.0,3.0,3.0,3.0,3.0,7.0,5.0,5.0,3.0,17.0,9.0,4.0
267.0,train,False,4.0,3.0,3.0,3.0,999.0,999.0,999.0,3.0,9.0,118.0,999.0,4.0
267.0,target,True,3.0,3.0,3.0,3.0,3.0,7.0,5.0,5.0,3.0,17.0,9.0,4.0
267.0,target,False,4.0,3.0,3.0,3.0,999.0,999.0,999.0,3.0,9.0,118.0,999.0,4.0
268.0,train,True,9.0,3.0,10.0,11.0,3.0,7.0,7.0,6.0,3.0,7.0,9.0,4.0
268.0,train,False,31.0,3.0,68.0,15.0,999.0,999.0,999.0,14.0,7.0,7.0,999.0,897.0
268.0,target,True,3.0,3.0,3.0,3.0,3.0,7.0,5.0,5.0,3.0,7.0,9.0,4.0
268.0,target,False,5.0,3.0,3.0,3.0,999.0,999.0,999.0,3.0,3.0,7.0,999.0,95.0
269.0,train,True,3.0,3.0,3.0,3.0,3.0,7.0,5.0,5.0,3.0,7.0,9.0,4.0
269.0,train,False,5.0,3.0,3.0,3.0,999.0,999.0,999.0,3.0,999.0,7.0,999.0,999.0
269.0,target,True,3.0,3.0,3.0,3.0,3.0,7.0,5.0,5.0,3.0,7.0,9.0,4.0
269.0,target,False,5.0,3.0,3.0,3.0,999.0,106.0,999.0,3.0,999.0,7.0,999.0,999.0
270.0,train,True,3.0,3.0,3.0,3.0,3.0,7.0,5.0,5.0,5.0,17.0,9.0,4.0
270.0,train,False,3.0,5.0,3.0,3.0,999.0,999.0,999.0,3.0,999.0,999.0,999.0,999.0
270.0,target,True,3.0,3.0,3.0,3.0,3.0,7.0,5.0,5.0,5.0,17.0,9.0,4.0
270.0,target,False,3.0,5.0,3.0,3.0,999.0,999.0,999.0,3.0,999.0,999.0,999.0,999.0
271.0,train,True,27.0,3.0,10.0,11.0,3.0,7.0,5.0,11.0,5.0,7.0,9.0,4.0
271.0,train,False,27.0,999.0,339.0,37.0,999.0,999.0,999.0,119.0,999.0,33.0,999.0,999.0
271.0,target,True,27.0,3.0,10.0,11.0,3.0,7.0,5.0,11.0,5.0,7.0,9.0,4.0
271.0,target,False,27.0,999.0,413.0,47.0,999.0,999.0,999.0,7.0,999.0,7.0,999.0,999.0
272.0,train,True,3.0,3.0,3.0,3.0,3.0,7.0,5.0,8.0,5.0,9.0,9.0,4.0
272.0,train,False,5.0,999.0,3.0,3.0,999.0,999.0,999.0,5.0,3.0,7.0,999.0,4.0
272.0,target,True,3.0,3.0,3.0,3.0,3.0,7.0,5.0,5.0,5.0,7.0,9.0,4.0
272.0,target,False,3.0,999.0,3.0,7.0,999.0,999.0,999.0,4.0,3.0,9.0,999.0,4.0
273.0,train,True,3.0,3.0,3.0,4.0,3.0,7.0,5.0,14.0,5.0,7.0,9.0,4.0
273.0,train,False,4.0,678.0,3.0,4.0,999.0,999.0,999.0,125.0,12.0,7.0,999.0,999.0
273.0,target,True,3.0,3.0,3.0,3.0,3.0,7.0,5.0,8.0,5.0,9.0,9.0,4.0
273.0,target,False,16.0,676.0,3.0,3.0,999.0,999.0,999.0,122.0,999.0,10.0,999.0,999.0
274.0,train,True,3.0,3.0,3.0,3.0,3.0,7.0,5.0,5.0,5.0,17.0,9.0,4.0
274.0,train,False,3.0,7.0,3.0,3.0,999.0,999.0,999.0,3.0,5.0,999.0,999.0,999.0
274.0,target,True,3.0,3.0,3.0,3.0,3.0,7.0,5.0,5.0,5.0,17.0,9.0,4.0
274.0,target,False,3.0,150.0,3.0,3.0,999.0,999.0,999.0,3.0,5.0,999.0,999.0,999.0
275.0,train,True,3.0,3.0,3.0,3.0,3.0,7.0,5.0,5.0,3.0,17.0,9.0,4.0
275.0,train,False,4.0,3.0,3.0,3.0,999.0,999.0,999.0,3.0,3.0,7.0,999.0,4.0
275.0,target,True,3.0,3.0,3.0,3.0,3.0,7.0,5.0,5.0,3.0,7.0,9.0,4.0
275.0,target,False,5.0,3.0,3.0,3.0,999.0,666.0,999.0,3.0,3.0,7.0,999.0,4.0
276.0,train,True,3.0,3.0,3.0,3.0,3.0,7.0,5.0,5.0,3.0,7.0,9.0,4.0
276.0,train,False,5.0,3.0,3.0,3.0,999.0,999.0,999.0,3.0,3.0,7.0,999.0,6.0
276.0,target,True,3.0,3.0,3.0,3.0,3.0,7.0,5.0,5.0,3.0,7.0,9.0,4.0
276.0,target,False,5.0,3.0,3.0,3.0,999.0,999.0,999.0,3.0,3.0,7.0,999.0,6.0
277.0,train,True,3.0,3.0,3.0,3.0,3.0,7.0,5.0,6.0,5.0,9.0,9.0,4.0
277.0,train,False,5.0,3.0,5.0,3.0,999.0,999.0,999.0,4.0,3.0,7.0,999.0,8.0
277.0,target,True,3.0,3.0,3.0,3.0,3.0,7.0,5.0,6.0,5.0,9.0,9.0,4.0
277.0,target,False,5.0,3.0,5.0,3.0,999.0,999.0,999.0,4.0,3.0,7.0,999.0,70.0
278.0,train,True,3.0,3.0,3.0,3.0,3.0,7.0,5.0,5.0,3.0,17.0,9.0,4.0
278.0,train,False,3.0,3.0,3.0,3.0,710.0,999.0,999.0,3.0,999.0,999.0,999.0,10.0
278.0,target,True,3.0,3.0,3.0,3.0,3.0,7.0,5.0,5.0,5.0,17.0,9.0,4.0
278.0,target,False,182.0,3.0,3.0,3.0,527.0,999.0,999.0,3.0,999.0,999.0,999.0,10.0
279.0,train,True,3.0,3.0,3.0,3.0,3.0,7.0,5.0,7.0,5.0,9.0,9.0,4.0
279.0,train,False,3.0,8.0,5.0,3.0,999.0,999.0,999.0,4.0,7.0,9.0,999.0,4.0
279.0,target,True,3.0,3.0,3.0,3.0,3.0,7.0,5.0,8.0,5.0,9.0,9.0,4.0
279.0,target,False,5.0,5.0,3.0,3.0,999.0,999.0,999.0,4.0,3.0,11.0,999.0,4.0
280.0,train,True,3.0,3.0,3.0,3.0,3.0,7.0,5.0,8.0,5.0,9.0,9.0,4.0
280.0,train,False,5.0,717.0,3.0,3.0,999.0,216.0,999.0,3.0,3.0,23.0,999.0,4.0
280.0,target,True,3.0,3.0,3.0,3.0,3.0,7.0,5.0,8.0,3.0,9.0,9.0,4.0
280.0,target,False,5.0,999.0,3.0,3.0,19.0,44.0,129.0,3.0,3.0,13.0,999.0,4.0
281.0,train,True,28.0,3.0,5.0,8.0,3.0,7.0,5.0,13.0,3.0,7.0,9.0,4.0
281.0,train,False,999.0,999.0,164.0,275.0,999.0,999.0,384.0,143.0,999.0,7.0,999.0,118.0
281.0,target,True,28.0,3.0,5.0,8.0,3.0,7.0,5.0,13.0,5.0,7.0,9.0,4.0
281.0,target,False,27.0,999.0,164.0,215.0,999.0,999.0,999.0,116.0,999.0,7.0,999.0,179.0
282.0,train,True,7.0,3.0,10.0,5.0,3.0,7.0,7.0,5.0,7.0,9.0,9.0,4.0
282.0,train,False,5.0,693.0,5.0,5.0,999.0,999.0,999.0,6.0,9.0,527.0,999.0,999.0
282.0,target,True,3.0,3.0,3.0,3.0,3.0,7.0,5.0,8.0,5.0,9.0,9.0,4.0
282.0,target,False,7.0,717.0,3.0,3.0,999.0,999.0,999.0,3.0,999.0,885.0,999.0,999.0
283.0,train,True,8.0,3.0,5.0,10.0,3.0,7.0,7.0,7.0,3.0,8.0,9.0,4.0
283.0,train,False,7.0,118.0,7.0,7.0,999.0,999.0,999.0,8.0,5.0,999.0,999.0,4.0
283.0,target,True,8.0,3.0,5.0,10.0,3.0,7.0,7.0,7.0,3.0,10.0,9.0,4.0
283.0,target,False,7.0,999.0,7.0,7.0,999.0,999.0,999.0,7.0,8.0,357.0,999.0,4.0
284.0,train,True,3.0,3.0,3.0,3.0,3.0,7.0,5.0,5.0,3.0,9.0,9.0,4.0
284.0,train,False,3.0,3.0,3.0,3.0,999.0,659.0,999.0,3.0,3.0,9.0,999.0,18.0
284.0,target,True,3.0,3.0,3.0,3.0,3.0,7.0,5.0,5.0,3.0,9.0,9.0,4.0
284.0,target,False,3.0,3.0,3.0,3.0,999.0,999.0,999.0,3.0,3.0,9.0,999.0,492.0
285.0,train,True,3.0,3.0,3.0,3.0,3.0,7.0,5.0,5.0,5.0,7.0,9.0,4.0
285.0,train,False,3.0,3.0,3.0,3.0,999.0,999.0,999.0,6.0,3.0,999.0,999.0,301.0
285.0,target,True,3.0,3.0,3.0,3.0,3.0,7.0,5.0,5.0,5.0,7.0,9.0,4.0
285.0,target,False,3.0,3.0,3.0,3.0,999.0,999.0,999.0,6.0,3.0,999.0,999.0,301.0
286.0,train,True,3.0,3.0,3.0,3.0,3.0,7.0,5.0,5.0,3.0,17.0,9.0,4.0
286.0,train,False,4.0,3.0,3.0,3.0,395.0,999.0,999.0,3.0,7.0,999.0,999.0,4.0
286.0,target,True,3.0,3.0,3.0,3.0,3.0,7.0,5.0,7.0,3.0,9.0,9.0,4.0
286.0,target,False,3.0,3.0,3.0,3.0,418.0,999.0,999.0,3.0,10.0,999.0,999.0,8.0
287.0,train,True,3.0,3.0,3.0,3.0,3.0,7.0,5.0,8.0,5.0,9.0,9.0,4.0
287.0,train,False,7.0,999.0,3.0,3.0,999.0,999.0,999.0,3.0,999.0,330.0,999.0,58.0
287.0,target,True,3.0,3.0,3.0,3.0,3.0,7.0,5.0,8.0,5.0,9.0,9.0,4.0
287.0,target,False,7.0,999.0,3.0,3.0,999.0,999.0,999.0,3.0,999.0,999.0,999.0,155.0
288.0,train,True,3.0,3.0,3.0,3.0,3.0,7.0,5.0,8.0,5.0,9.0,9.0,4.0
288.0,train,False,5.0,971.0,3.0,3.0,999.0,999.0,999.0,7.0,95.0,7.0,999.0,7.0
288.0,target,True,3.0,3.0,3.0,3.0,3.0,7.0,5.0,8.0,5.0,9.0,9.0,4.0
288.0,target,False,5.0,3.0,11.0,3.0,999.0,999.0,999.0,3.0,693.0,13.0,999.0,6.0
289.0,train,True,9.0,3.0,10.0,5.0,3.0,7.0,5.0,14.0,3.0,7.0,9.0,4.0
289.0,train,False,5.0,136.0,999.0,5.0,999.0,627.0,999.0,160.0,3.0,8.0,999.0,999.0
289.0,target,True,28.0,3.0,5.0,12.0,3.0,7.0,5.0,14.0,5.0,7.0,9.0,4.0
289.0,target,False,589.0,999.0,366.0,395.0,164.0,729.0,999.0,999.0,3.0,7.0,999.0,999.0
290.0,train,True,3.0,3.0,3.0,3.0,3.0,7.0,5.0,5.0,5.0,17.0,9.0,4.0
290.0,train,False,3.0,3.0,3.0,3.0,999.0,999.0,999.0,3.0,11.0,683.0,999.0,999.0
290.0,target,True,3.0,3.0,3.0,3.0,3.0,7.0,5.0,5.0,5.0,17.0,9.0,4.0
290.0,target,False,3.0,3.0,3.0,3.0,999.0,999.0,999.0,3.0,11.0,999.0,999.0,999.0
291.0,train,True,27.0,3.0,10.0,12.0,3.0,7.0,5.0,10.0,3.0,9.0,9.0,4.0
291.0,train,False,999.0,999.0,999.0,999.0,999.0,999.0,999.0,999.0,3.0,999.0,999.0,999.0
291.0,target,True,19.0,3.0,10.0,12.0,3.0,7.0,5.0,10.0,3.0,9.0,9.0,4.0
291.0,target,False,8.0,577.0,999.0,999.0,999.0,999.0,999.0,126.0,3.0,999.0,999.0,999.0
292.0,train,True,13.0,3.0,10.0,10.0,3.0,7.0,7.0,22.0,7.0,17.0,9.0,4.0
292.0,train,False,364.0,39.0,62.0,35.0,999.0,999.0,999.0,17.0,9.0,999.0,999.0,4.0
292.0,target,True,3.0,3.0,3.0,3.0,3.0,7.0,5.0,8.0,5.0,9.0,9.0,4.0
292.0,target,False,15.0,3.0,3.0,3.0,395.0,999.0,999.0,3.0,7.0,999.0,999.0,4.0
293.0,train,True,5.0,3.0,5.0,6.0,3.0,7.0,7.0,7.0,5.0,11.0,9.0,4.0
293.0,train,False,5.0,5.0,5.0,5.0,999.0,999.0,999.0,5.0,999.0,43.0,999.0,255.0
293.0,target,True,5.0,3.0,10.0,5.0,3.0,7.0,7.0,35.0,5.0,8.0,9.0,4.0
293.0,target,False,97.0,3.0,114.0,5.0,999.0,999.0,999.0,65.0,535.0,7.0,999.0,270.0
294.0,train,True,27.0,3.0,10.0,12.0,3.0,7.0,5.0,10.0,5.0,9.0,9.0,4.0
294.0,train,False,580.0,85.0,475.0,99.0,999.0,999.0,999.0,36.0,11.0,999.0,999.0,999.0
294.0,target,True,27.0,3.0,10.0,12.0,3.0,7.0,5.0,10.0,5.0,9.0,9.0,4.0
294.0,target,False,13.0,13.0,14.0,13.0,999.0,999.0,999.0,14.0,12.0,999.0,999.0,377.0
295.0,train,True,3.0,3.0,3.0,3.0,3.0,7.0,5.0,5.0,5.0,17.0,9.0,4.0
295.0,train,False,3.0,3.0,3.0,3.0,119.0,36.0,9.0,3.0,5.0,78.0,999.0,5.0
295.0,target,True,3.0,3.0,3.0,3.0,3.0,7.0,5.0,5.0,5.0,17.0,9.0,4.0
295.0,target,False,3.0,3.0,3.0,3.0,999.0,999.0,999.0,3.0,5.0,999.0,999.0,4.0
296.0,train,True,27.0,3.0,10.0,12.0,3.0,7.0,5.0,10.0,5.0,9.0,9.0,4.0
296.0,train,False,999.0,341.0,999.0,64.0,999.0,319.0,999.0,999.0,999.0,999.0,999.0,31.0
296.0,target,True,27.0,3.0,10.0,12.0,3.0,7.0,5.0,10.0,5.0,9.0,9.0,4.0
296.0,target,False,999.0,152.0,999.0,999.0,999.0,999.0,999.0,999.0,999.0,999.0,12.0,999.0
297.0,train,True,12.0,3.0,9.0,16.0,3.0,7.0,7.0,10.0,7.0,11.0,9.0,4.0
297.0,train,False,10.0,85.0,54.0,123.0,942.0,999.0,999.0,999.0,999.0,999.0,999.0,299.0
297.0,target,True,9.0,3.0,10.0,14.0,3.0,7.0,7.0,23.0,5.0,9.0,9.0,4.0
297.0,target,False,750.0,9.0,17.0,23.0,406.0,999.0,999.0,223.0,999.0,999.0,999.0,172.0
298.0,train,True,27.0,3.0,10.0,12.0,3.0,7.0,5.0,10.0,5.0,9.0,9.0,4.0
298.0,train,False,999.0,999.0,999.0,999.0,999.0,999.0,999.0,999.0,999.0,999.0,999.0,999.0
298.0,target,True,27.0,3.0,10.0,12.0,3.0,7.0,5.0,10.0,5.0,9.0,9.0,4.0
298.0,target,False,999.0,999.0,999.0,999.0,999.0,999.0,999.0,999.0,999.0,999.0,999.0,999.0
323.0,train,True,27.0,3.0,10.0,12.0,3.0,7.0,5.0,10.0,5.0,9.0,9.0,4.0
323.0,train,False,386.0,999.0,849.0,999.0,999.0,999.0,999.0,904.0,999.0,80.0,999.0,999.0
323.0,target,True,27.0,3.0,10.0,12.0,3.0,7.0,5.0,10.0,5.0,9.0,9.0,4.0
323.0,target,False,807.0,728.0,681.0,999.0,999.0,999.0,999.0,931.0,999.0,326.0,999.0,999.0
324.0,train,True,27.0,3.0,10.0,12.0,3.0,7.0,5.0,10.0,3.0,9.0,9.0,4.0
324.0,train,False,999.0,999.0,999.0,999.0,189.0,999.0,999.0,999.0,3.0,999.0,999.0,999.0
324.0,target,True,27.0,3.0,10.0,12.0,3.0,7.0,5.0,10.0,3.0,9.0,9.0,4.0
324.0,target,False,999.0,999.0,999.0,999.0,189.0,999.0,999.0,999.0,3.0,999.0,999.0,999.0
325.0,train,True,27.0,3.0,10.0,12.0,3.0,7.0,5.0,10.0,5.0,9.0,9.0,4.0
325.0,train,False,999.0,152.0,77.0,54.0,999.0,999.0,888.0,8.0,999.0,999.0,999.0,203.0
325.0,target,True,27.0,3.0,10.0,12.0,3.0,7.0,5.0,10.0,5.0,9.0,9.0,4.0
325.0,target,False,999.0,999.0,98.0,33.0,999.0,999.0,999.0,62.0,3.0,999.0,999.0,155.0
326.0,train,True,27.0,3.0,10.0,12.0,3.0,7.0,5.0,10.0,3.0,9.0,9.0,4.0
326.0,train,False,14.0,239.0,499.0,14.0,947.0,999.0,999.0,10.0,3.0,999.0,999.0,4.0
326.0,target,True,27.0,3.0,10.0,12.0,3.0,7.0,5.0,10.0,3.0,9.0,9.0,4.0
326.0,target,False,14.0,239.0,195.0,63.0,981.0,999.0,523.0,8.0,3.0,999.0,999.0,999.0
327.0,train,True,27.0,3.0,10.0,12.0,3.0,7.0,5.0,10.0,5.0,9.0,9.0,4.0
327.0,train,False,452.0,999.0,788.0,208.0,999.0,713.0,999.0,667.0,696.0,9.0,999.0,999.0
327.0,target,True,27.0,3.0,10.0,12.0,3.0,7.0,5.0,10.0,5.0,9.0,9.0,4.0
327.0,target,False,112.0,999.0,999.0,202.0,999.0,849.0,999.0,999.0,367.0,9.0,999.0,246.0
328.0,train,True,27.0,3.0,10.0,12.0,3.0,7.0,5.0,10.0,5.0,9.0,9.0,4.0
328.0,train,False,459.0,999.0,937.0,999.0,999.0,999.0,999.0,999.0,999.0,999.0,999.0,816.0
328.0,target,True,27.0,3.0,10.0,12.0,3.0,7.0,5.0,10.0,5.0,9.0,9.0,4.0
328.0,target,False,459.0,999.0,937.0,999.0,999.0,999.0,999.0,999.0,999.0,999.0,999.0,816.0
329.0,train,True,27.0,3.0,10.0,12.0,3.0,7.0,5.0,10.0,5.0,9.0,9.0,4.0
329.0,train,False,999.0,999.0,999.0,999.0,999.0,999.0,999.0,999.0,999.0,999.0,999.0,219.0
329.0,target,True,27.0,3.0,10.0,12.0,3.0,7.0,5.0,10.0,5.0,9.0,9.0,4.0
329.0,target,False,999.0,999.0,999.0,999.0,999.0,999.0,999.0,999.0,999.0,999.0,999.0,219.0
330.0,train,True,27.0,3.0,10.0,12.0,3.0,7.0,5.0,10.0,5.0,9.0,9.0,4.0
330.0,train,False,999.0,246.0,999.0,999.0,999.0,999.0,999.0,999.0,999.0,999.0,999.0,4.0
330.0,target,True,28.0,3.0,10.0,10.0,3.0,7.0,7.0,14.0,5.0,11.0,9.0,4.0
330.0,target,False,999.0,125.0,5.0,999.0,999.0,999.0,999.0,999.0,999.0,999.0,999.0,4.0
331.0,train,True,24.0,3.0,10.0,7.0,3.0,7.0,7.0,5.0,5.0,9.0,9.0,4.0
331.0,train,False,999.0,999.0,999.0,999.0,999.0,307.0,407.0,999.0,999.0,999.0,891.0,999.0
331.0,target,True,24.0,3.0,10.0,12.0,3.0,7.0,5.0,5.0,5.0,9.0,9.0,4.0
331.0,target,False,999.0,169.0,999.0,999.0,999.0,814.0,999.0,999.0,999.0,999.0,650.0,12.0
332.0,train,True,27.0,3.0,11.0,12.0,3.0,7.0,5.0,14.0,5.0,15.0,9.0,4.0
332.0,train,False,89.0,999.0,999.0,999.0,999.0,999.0,999.0,698.0,999.0,999.0,999.0,338.0
332.0,target,True,27.0,3.0,10.0,12.0,3.0,7.0,5.0,10.0,5.0,9.0,9.0,4.0
332.0,target,False,368.0,999.0,865.0,214.0,999.0,320.0,999.0,999.0,999.0,867.0,999.0,999.0
333.0,train,True,28.0,3.0,10.0,10.0,3.0,7.0,7.0,5.0,5.0,9.0,9.0,4.0
333.0,train,False,999.0,7.0,126.0,999.0,999.0,999.0,999.0,999.0,999.0,999.0,543.0,999.0
333.0,target,True,28.0,3.0,10.0,10.0,3.0,7.0,7.0,5.0,5.0,9.0,9.0,4.0
333.0,target,False,999.0,5.0,128.0,103.0,999.0,999.0,999.0,34.0,999.0,999.0,701.0,154.0
334.0,train,True,7.0,3.0,10.0,16.0,3.0,7.0,7.0,8.0,5.0,11.0,9.0,4.0
334.0,train,False,999.0,7.0,203.0,999.0,999.0,999.0,999.0,999.0,999.0,999.0,999.0,168.0
334.0,target,True,27.0,3.0,11.0,5.0,3.0,7.0,5.0,8.0,5.0,15.0,9.0,4.0
334.0,target,False,43.0,8.0,7.0,999.0,999.0,999.0,999.0,3.0,999.0,999.0,999.0,298.0
335.0,train,True,27.0,3.0,10.0,12.0,3.0,7.0,5.0,10.0,5.0,9.0,9.0,4.0
335.0,train,False,436.0,999.0,999.0,999.0,999.0,999.0,999.0,81.0,999.0,999.0,999.0,999.0
335.0,target,True,27.0,3.0,10.0,12.0,3.0,7.0,5.0,10.0,5.0,9.0,9.0,4.0
335.0,target,False,436.0,999.0,999.0,999.0,999.0,999.0,509.0,999.0,7.0,999.0,999.0,999.0
336.0,train,True,27.0,3.0,11.0,12.0,3.0,7.0,5.0,14.0,5.0,15.0,9.0,4.0
336.0,train,False,92.0,371.0,124.0,29.0,356.0,700.0,257.0,999.0,999.0,999.0,999.0,51.0
336.0,target,True,27.0,3.0,11.0,12.0,3.0,7.0,5.0,14.0,5.0,15.0,9.0,4.0
336.0,target,False,92.0,371.0,124.0,29.0,235.0,809.0,370.0,129.0,932.0,329.0,999.0,142.0
337.0,train,True,27.0,3.0,11.0,12.0,3.0,7.0,5.0,14.0,5.0,15.0,9.0,4.0
337.0,train,False,92.0,999.0,471.0,197.0,999.0,999.0,999.0,221.0,999.0,999.0,999.0,999.0
337.0,target,True,27.0,3.0,11.0,7.0,3.0,7.0,7.0,14.0,5.0,15.0,9.0,4.0
337.0,target,False,92.0,999.0,130.0,55.0,999.0,481.0,358.0,136.0,999.0,999.0,999.0,999.0
338.0,train,True,32.0,3.0,10.0,7.0,3.0,7.0,5.0,7.0,5.0,9.0,9.0,4.0
338.0,train,False,999.0,5.0,999.0,116.0,468.0,999.0,999.0,999.0,999.0,999.0,143.0,999.0
338.0,target,True,20.0,3.0,10.0,9.0,3.0,7.0,5.0,16.0,5.0,11.0,9.0,4.0
338.0,target,False,31.0,999.0,999.0,52.0,999.0,296.0,999.0,174.0,59.0,999.0,999.0,999.0
349.0,train,True,11.0,3.0,7.0,7.0,3.0,7.0,5.0,7.0,5.0,7.0,9.0,4.0
349.0,train,False,7.0,7.0,7.0,7.0,15.0,11.0,14.0,7.0,567.0,7.0,999.0,6.0
349.0,target,True,11.0,3.0,7.0,7.0,3.0,7.0,5.0,7.0,5.0,7.0,9.0,4.0
349.0,target,False,7.0,7.0,7.0,7.0,15.0,11.0,9.0,7.0,999.0,7.0,999.0,6.0
350.0,train,True,5.0,3.0,5.0,6.0,3.0,7.0,7.0,7.0,5.0,11.0,9.0,4.0
350.0,train,False,5.0,5.0,5.0,5.0,7.0,97.0,377.0,5.0,24.0,23.0,999.0,81.0
350.0,target,True,5.0,3.0,5.0,6.0,3.0,7.0,7.0,7.0,5.0,11.0,9.0,4.0
350.0,target,False,5.0,5.0,5.0,5.0,7.0,97.0,377.0,5.0,24.0,23.0,999.0,81.0
351.0,train,True,27.0,3.0,10.0,12.0,3.0,7.0,5.0,10.0,5.0,9.0,9.0,4.0
351.0,train,False,999.0,7.0,188.0,42.0,131.0,999.0,999.0,999.0,999.0,999.0,999.0,271.0
351.0,target,True,27.0,3.0,10.0,12.0,3.0,7.0,5.0,10.0,5.0,9.0,9.0,4.0
351.0,target,False,999.0,7.0,188.0,255.0,47.0,999.0,999.0,226.0,999.0,999.0,999.0,438.0
352.0,train,True,7.0,3.0,9.0,5.0,3.0,7.0,5.0,5.0,5.0,9.0,9.0,4.0
352.0,train,False,5.0,5.0,5.0,5.0,9.0,16.0,13.0,5.0,15.0,19.0,999.0,4.0
352.0,target,True,27.0,3.0,5.0,9.0,3.0,7.0,5.0,9.0,5.0,9.0,9.0,4.0
352.0,target,False,64.0,5.0,182.0,17.0,11.0,18.0,12.0,5.0,3.0,9.0,999.0,4.0
353.0,train,True,27.0,3.0,10.0,12.0,3.0,7.0,5.0,10.0,5.0,9.0,9.0,4.0
353.0,train,False,138.0,118.0,178.0,73.0,999.0,15.0,34.0,19.0,20.0,39.0,999.0,14.0
353.0,target,True,27.0,3.0,10.0,12.0,3.0,7.0,5.0,10.0,5.0,9.0,9.0,4.0
353.0,target,False,347.0,327.0,8.0,40.0,999.0,7.0,56.0,73.0,512.0,15.0,556.0,37.0
354.0,train,True,27.0,3.0,10.0,12.0,3.0,7.0,5.0,10.0,5.0,9.0,9.0,4.0
354.0,train,False,999.0,999.0,999.0,999.0,999.0,999.0,999.0,999.0,999.0,999.0,999.0,290.0
354.0,target,True,27.0,3.0,10.0,12.0,3.0,7.0,5.0,10.0,5.0,9.0,9.0,4.0
354.0,target,False,999.0,999.0,999.0,806.0,999.0,999.0,999.0,999.0,79.0,999.0,999.0,999.0
355.0,train,True,9.0,3.0,8.0,5.0,3.0,7.0,5.0,5.0,3.0,8.0,9.0,4.0
355.0,train,False,5.0,5.0,5.0,5.0,7.0,999.0,34.0,9.0,3.0,7.0,143.0,4.0
355.0,target,True,9.0,3.0,8.0,5.0,3.0,7.0,5.0,5.0,3.0,8.0,9.0,4.0
355.0,target,False,5.0,5.0,5.0,5.0,7.0,999.0,999.0,5.0,3.0,7.0,266.0,4.0
356.0,train,True,3.0,3.0,3.0,3.0,3.0,7.0,5.0,5.0,5.0,9.0,9.0,4.0
356.0,train,False,3.0,999.0,3.0,3.0,999.0,999.0,999.0,4.0,872.0,106.0,999.0,6.0
356.0,target,True,3.0,3.0,3.0,3.0,3.0,7.0,5.0,5.0,5.0,9.0,9.0,4.0
356.0,target,False,3.0,999.0,3.0,3.0,999.0,999.0,999.0,4.0,58.0,7.0,999.0,6.0
357.0,train,True,27.0,3.0,5.0,5.0,3.0,7.0,5.0,6.0,5.0,8.0,9.0,4.0
357.0,train,False,647.0,126.0,5.0,5.0,999.0,354.0,999.0,5.0,9.0,11.0,999.0,81.0
357.0,target,True,3.0,3.0,7.0,3.0,3.0,7.0,5.0,5.0,5.0,9.0,9.0,4.0
357.0,target,False,7.0,816.0,7.0,3.0,999.0,97.0,999.0,372.0,11.0,12.0,999.0,49.0
358.0,train,True,3.0,3.0,3.0,3.0,3.0,7.0,5.0,5.0,3.0,7.0,9.0,4.0
358.0,train,False,5.0,8.0,3.0,3.0,413.0,999.0,999.0,7.0,3.0,7.0,999.0,999.0
358.0,target,True,3.0,3.0,3.0,3.0,3.0,7.0,5.0,5.0,3.0,7.0,9.0,4.0
358.0,target,False,5.0,10.0,3.0,3.0,405.0,999.0,999.0,9.0,7.0,7.0,999.0,999.0
359.0,train,True,3.0,3.0,3.0,3.0,3.0,7.0,5.0,8.0,3.0,9.0,9.0,4.0
359.0,train,False,5.0,999.0,3.0,3.0,999.0,999.0,999.0,3.0,3.0,999.0,999.0,999.0
359.0,target,True,3.0,3.0,3.0,3.0,3.0,7.0,5.0,8.0,3.0,9.0,9.0,4.0
359.0,target,False,5.0,999.0,3.0,3.0,999.0,999.0,999.0,3.0,3.0,13.0,999.0,313.0
360.0,train,True,27.0,3.0,10.0,11.0,3.0,7.0,5.0,15.0,5.0,11.0,9.0,4.0
360.0,train,False,318.0,3.0,519.0,155.0,999.0,999.0,999.0,59.0,254.0,13.0,999.0,52.0
360.0,target,True,27.0,3.0,10.0,11.0,3.0,7.0,5.0,15.0,5.0,11.0,9.0,4.0
360.0,target,False,318.0,3.0,999.0,42.0,999.0,999.0,999.0,25.0,13.0,9.0,999.0,65.0
361.0,train,True,3.0,3.0,3.0,3.0,3.0,7.0,5.0,5.0,5.0,9.0,9.0,4.0
361.0,train,False,3.0,999.0,3.0,3.0,999.0,999.0,999.0,4.0,84.0,7.0,999.0,245.0
361.0,target,True,3.0,3.0,3.0,3.0,3.0,7.0,5.0,5.0,5.0,7.0,9.0,4.0
361.0,target,False,3.0,999.0,3.0,55.0,999.0,999.0,999.0,3.0,8.0,7.0,999.0,999.0
362.0,train,True,3.0,3.0,3.0,3.0,3.0,7.0,5.0,8.0,3.0,9.0,9.0,4.0
362.0,train,False,5.0,31.0,3.0,3.0,999.0,999.0,999.0,10.0,3.0,7.0,999.0,86.0
362.0,target,True,3.0,3.0,3.0,3.0,3.0,7.0,5.0,8.0,3.0,9.0,9.0,4.0
362.0,target,False,5.0,31.0,3.0,3.0,999.0,999.0,999.0,10.0,3.0,7.0,999.0,86.0
363.0,train,True,3.0,3.0,3.0,3.0,3.0,7.0,5.0,8.0,3.0,9.0,9.0,4.0
363.0,train,False,5.0,64.0,3.0,3.0,999.0,999.0,999.0,7.0,3.0,7.0,999.0,122.0
363.0,target,True,3.0,3.0,3.0,3.0,3.0,7.0,5.0,8.0,3.0,9.0,9.0,4.0
363.0,target,False,5.0,68.0,3.0,3.0,999.0,999.0,999.0,3.0,3.0,7.0,999.0,999.0
364.0,train,True,27.0,3.0,10.0,12.0,3.0,7.0,5.0,10.0,5.0,9.0,9.0,4.0
364.0,train,False,53.0,863.0,343.0,198.0,999.0,999.0,999.0,5.0,999.0,7.0,999.0,999.0
364.0,target,True,27.0,3.0,10.0,12.0,3.0,7.0,5.0,10.0,5.0,9.0,9.0,4.0
364.0,target,False,53.0,863.0,343.0,198.0,999.0,999.0,999.0,5.0,999.0,7.0,999.0,999.0
365.0,train,True,8.0,3.0,10.0,14.0,3.0,7.0,5.0,9.0,5.0,7.0,9.0,4.0
365.0,train,False,7.0,682.0,7.0,9.0,999.0,999.0,999.0,9.0,29.0,8.0,999.0,999.0
365.0,target,True,8.0,3.0,10.0,7.0,3.0,7.0,5.0,10.0,5.0,7.0,9.0,4.0
365.0,target,False,7.0,700.0,7.0,7.0,999.0,999.0,999.0,7.0,3.0,124.0,999.0,999.0
366.0,train,True,28.0,3.0,5.0,12.0,3.0,7.0,5.0,13.0,5.0,7.0,9.0,4.0
366.0,train,False,27.0,722.0,17.0,4.0,999.0,999.0,999.0,56.0,999.0,9.0,999.0,999.0
366.0,target,True,28.0,3.0,10.0,10.0,3.0,7.0,7.0,13.0,5.0,7.0,9.0,4.0
366.0,target,False,330.0,423.0,102.0,20.0,999.0,999.0,999.0,40.0,95.0,7.0,999.0,999.0
367.0,train,True,3.0,3.0,3.0,3.0,3.0,7.0,5.0,5.0,5.0,7.0,9.0,4.0
367.0,train,False,3.0,35.0,3.0,3.0,999.0,999.0,999.0,3.0,11.0,7.0,999.0,999.0
367.0,target,True,3.0,3.0,3.0,3.0,3.0,7.0,5.0,5.0,5.0,7.0,9.0,4.0
367.0,target,False,3.0,35.0,3.0,3.0,999.0,999.0,999.0,3.0,11.0,7.0,999.0,999.0
368.0,train,True,3.0,3.0,3.0,3.0,3.0,7.0,5.0,5.0,3.0,9.0,9.0,4.0
368.0,train,False,3.0,10.0,3.0,3.0,999.0,999.0,999.0,5.0,3.0,11.0,999.0,999.0
368.0,target,True,3.0,3.0,3.0,3.0,3.0,7.0,5.0,5.0,3.0,7.0,9.0,4.0
368.0,target,False,5.0,9.0,3.0,3.0,999.0,583.0,999.0,3.0,3.0,11.0,999.0,999.0
369.0,train,True,3.0,3.0,3.0,3.0,3.0,7.0,5.0,5.0,3.0,7.0,9.0,4.0
369.0,train,False,5.0,5.0,3.0,3.0,999.0,999.0,999.0,3.0,3.0,7.0,999.0,999.0
369.0,target,True,3.0,3.0,3.0,3.0,3.0,7.0,5.0,5.0,3.0,7.0,9.0,4.0
369.0,target,False,5.0,18.0,3.0,3.0,999.0,999.0,999.0,3.0,3.0,7.0,999.0,999.0
370.0,train,True,3.0,3.0,3.0,3.0,3.0,7.0,5.0,8.0,3.0,9.0,9.0,4.0
370.0,train,False,5.0,301.0,3.0,3.0,999.0,999.0,999.0,3.0,3.0,7.0,999.0,6.0
370.0,target,True,3.0,3.0,3.0,3.0,3.0,7.0,5.0,8.0,3.0,9.0,9.0,4.0
370.0,target,False,5.0,999.0,3.0,3.0,999.0,999.0,999.0,3.0,3.0,17.0,999.0,6.0
371.0,train,True,13.0,3.0,9.0,10.0,3.0,7.0,7.0,11.0,3.0,7.0,9.0,4.0
371.0,train,False,9.0,9.0,9.0,9.0,999.0,959.0,999.0,9.0,302.0,7.0,999.0,9.0
371.0,target,True,11.0,3.0,9.0,7.0,3.0,7.0,5.0,7.0,5.0,7.0,9.0,4.0
371.0,target,False,7.0,9.0,7.0,7.0,999.0,999.0,999.0,8.0,61.0,10.0,999.0,9.0
372.0,train,True,3.0,3.0,3.0,3.0,3.0,7.0,5.0,5.0,5.0,7.0,9.0,4.0
372.0,train,False,3.0,999.0,7.0,3.0,999.0,999.0,999.0,4.0,9.0,7.0,999.0,999.0
372.0,target,True,3.0,3.0,3.0,3.0,3.0,7.0,5.0,8.0,5.0,9.0,9.0,4.0
372.0,target,False,5.0,999.0,3.0,3.0,999.0,999.0,999.0,3.0,15.0,9.0,999.0,999.0
373.0,train,True,7.0,3.0,10.0,13.0,3.0,7.0,5.0,15.0,3.0,10.0,9.0,4.0
373.0,train,False,5.0,5.0,66.0,15.0,999.0,999.0,999.0,14.0,37.0,12.0,999.0,7.0
373.0,target,True,7.0,3.0,10.0,13.0,3.0,7.0,5.0,15.0,3.0,11.0,9.0,4.0
373.0,target,False,8.0,5.0,66.0,15.0,999.0,999.0,999.0,14.0,999.0,11.0,999.0,6.0
374.0,train,True,3.0,3.0,3.0,3.0,3.0,7.0,5.0,5.0,5.0,7.0,9.0,4.0
374.0,train,False,3.0,18.0,3.0,3.0,999.0,999.0,999.0,3.0,103.0,11.0,999.0,4.0
374.0,target,True,3.0,3.0,3.0,3.0,3.0,7.0,5.0,5.0,5.0,7.0,9.0,4.0
374.0,target,False,3.0,18.0,3.0,3.0,999.0,999.0,999.0,3.0,103.0,9.0,999.0,4.0
375.0,train,True,9.0,3.0,5.0,3.0,3.0,7.0,5.0,3.0,5.0,7.0,9.0,4.0
375.0,train,False,35.0,3.0,9.0,3.0,999.0,999.0,999.0,3.0,51.0,7.0,999.0,999.0
375.0,target,True,9.0,3.0,5.0,3.0,3.0,7.0,5.0,3.0,5.0,7.0,9.0,4.0
375.0,target,False,35.0,3.0,9.0,3.0,999.0,999.0,999.0,3.0,51.0,7.0,999.0,999.0
376.0,train,True,3.0,3.0,3.0,3.0,3.0,7.0,5.0,5.0,5.0,7.0,9.0,4.0
376.0,train,False,3.0,13.0,3.0,3.0,999.0,999.0,999.0,3.0,493.0,7.0,999.0,464.0
376.0,target,True,3.0,3.0,3.0,3.0,3.0,7.0,5.0,5.0,5.0,7.0,9.0,4.0
376.0,target,False,3.0,69.0,3.0,3.0,999.0,999.0,999.0,9.0,287.0,7.0,999.0,106.0
377.0,train,True,3.0,3.0,3.0,3.0,3.0,7.0,5.0,8.0,3.0,9.0,9.0,4.0
377.0,train,False,15.0,999.0,3.0,3.0,999.0,999.0,999.0,7.0,3.0,7.0,999.0,999.0
377.0,target,True,3.0,3.0,3.0,5.0,3.0,7.0,5.0,10.0,5.0,7.0,9.0,4.0
377.0,target,False,3.0,999.0,3.0,5.0,999.0,999.0,999.0,27.0,3.0,7.0,999.0,999.0
378.0,train,True,3.0,3.0,3.0,5.0,3.0,7.0,5.0,10.0,5.0,9.0,9.0,4.0
378.0,train,False,3.0,134.0,3.0,5.0,999.0,999.0,999.0,86.0,7.0,11.0,999.0,999.0
378.0,target,True,3.0,3.0,3.0,5.0,3.0,7.0,5.0,10.0,5.0,9.0,9.0,4.0
378.0,target,False,3.0,53.0,3.0,5.0,999.0,999.0,999.0,13.0,329.0,7.0,999.0,999.0
379.0,train,True,3.0,3.0,3.0,3.0,3.0,7.0,5.0,8.0,5.0,9.0,9.0,4.0
379.0,train,False,5.0,9.0,3.0,3.0,999.0,999.0,999.0,3.0,3.0,7.0,999.0,999.0
379.0,target,True,3.0,3.0,3.0,3.0,3.0,7.0,5.0,8.0,5.0,9.0,9.0,4.0
379.0,target,False,5.0,9.0,3.0,3.0,999.0,999.0,999.0,3.0,3.0,7.0,999.0,999.0
380.0,train,True,3.0,3.0,3.0,3.0,3.0,7.0,5.0,8.0,5.0,9.0,9.0,4.0
380.0,train,False,7.0,999.0,3.0,3.0,999.0,999.0,999.0,3.0,983.0,7.0,999.0,999.0
380.0,target,True,3.0,3.0,3.0,3.0,3.0,7.0,5.0,8.0,5.0,9.0,9.0,4.0
380.0,target,False,7.0,523.0,3.0,3.0,999.0,999.0,999.0,3.0,17.0,7.0,999.0,999.0
381.0,train,True,3.0,3.0,3.0,3.0,3.0,7.0,5.0,8.0,3.0,9.0,9.0,4.0
381.0,train,False,19.0,794.0,86.0,3.0,999.0,999.0,999.0,5.0,9.0,7.0,999.0,999.0
381.0,target,True,3.0,3.0,3.0,3.0,3.0,7.0,5.0,8.0,3.0,9.0,9.0,4.0
381.0,target,False,19.0,794.0,86.0,3.0,999.0,999.0,999.0,7.0,3.0,118.0,999.0,999.0
382.0,train,True,7.0,3.0,10.0,5.0,3.0,7.0,7.0,9.0,5.0,9.0,9.0,4.0
382.0,train,False,5.0,10.0,5.0,5.0,999.0,999.0,999.0,12.0,20.0,7.0,999.0,999.0
382.0,target,True,7.0,3.0,10.0,5.0,3.0,7.0,7.0,9.0,5.0,9.0,9.0,4.0
382.0,target,False,5.0,128.0,6.0,5.0,999.0,999.0,999.0,9.0,19.0,11.0,999.0,999.0
383.0,train,True,3.0,3.0,3.0,3.0,3.0,7.0,5.0,6.0,3.0,9.0,9.0,4.0
383.0,train,False,7.0,302.0,3.0,3.0,999.0,999.0,999.0,3.0,3.0,7.0,999.0,999.0
383.0,target,True,3.0,3.0,3.0,3.0,3.0,7.0,5.0,8.0,3.0,9.0,9.0,4.0
383.0,target,False,7.0,302.0,3.0,3.0,999.0,999.0,999.0,3.0,3.0,7.0,999.0,999.0
384.0,train,True,3.0,3.0,3.0,5.0,3.0,7.0,5.0,3.0,5.0,11.0,9.0,4.0
384.0,train,False,3.0,17.0,3.0,5.0,999.0,999.0,999.0,3.0,15.0,7.0,999.0,999.0
384.0,target,True,27.0,3.0,5.0,5.0,3.0,7.0,5.0,5.0,5.0,7.0,9.0,4.0
384.0,target,False,5.0,256.0,5.0,6.0,999.0,999.0,999.0,41.0,5.0,7.0,999.0,999.0
385.0,train,True,3.0,3.0,3.0,3.0,3.0,7.0,5.0,8.0,3.0,9.0,9.0,4.0
385.0,train,False,5.0,3.0,13.0,3.0,999.0,999.0,999.0,3.0,3.0,420.0,999.0,999.0
385.0,target,True,3.0,3.0,3.0,3.0,3.0,7.0,5.0,8.0,3.0,9.0,9.0,4.0
385.0,target,False,5.0,3.0,13.0,3.0,999.0,7.0,999.0,3.0,3.0,533.0,999.0,10.0
386.0,train,True,3.0,3.0,3.0,3.0,3.0,7.0,5.0,8.0,5.0,9.0,9.0,4.0
386.0,train,False,7.0,3.0,13.0,3.0,999.0,999.0,999.0,3.0,3.0,7.0,999.0,999.0
386.0,target,True,3.0,3.0,3.0,3.0,3.0,7.0,5.0,8.0,5.0,9.0,9.0,4.0
386.0,target,False,7.0,3.0,13.0,3.0,999.0,999.0,999.0,3.0,3.0,11.0,999.0,999.0
387.0,train,True,3.0,3.0,3.0,3.0,3.0,7.0,5.0,5.0,5.0,11.0,9.0,4.0
387.0,train,False,3.0,999.0,3.0,3.0,999.0,999.0,999.0,3.0,5.0,50.0,999.0,538.0
387.0,target,True,3.0,3.0,3.0,3.0,3.0,7.0,5.0,6.0,5.0,9.0,9.0,4.0
387.0,target,False,5.0,806.0,3.0,3.0,999.0,999.0,999.0,3.0,5.0,49.0,999.0,4.0
388.0,train,True,3.0,3.0,3.0,3.0,3.0,7.0,5.0,8.0,3.0,9.0,9.0,4.0
388.0,train,False,5.0,999.0,3.0,3.0,999.0,999.0,999.0,3.0,999.0,9.0,999.0,21.0
388.0,target,True,3.0,3.0,3.0,3.0,3.0,7.0,5.0,8.0,3.0,9.0,9.0,4.0
388.0,target,False,5.0,999.0,3.0,3.0,999.0,999.0,999.0,3.0,999.0,9.0,999.0,22.0
389.0,train,True,3.0,3.0,3.0,3.0,3.0,7.0,5.0,5.0,5.0,17.0,9.0,4.0
389.0,train,False,3.0,999.0,3.0,3.0,999.0,999.0,999.0,3.0,9.0,7.0,999.0,999.0
389.0,target,True,3.0,3.0,3.0,3.0,3.0,7.0,5.0,5.0,5.0,17.0,9.0,4.0
389.0,target,False,3.0,999.0,3.0,3.0,999.0,999.0,999.0,3.0,9.0,7.0,999.0,999.0
390.0,train,True,3.0,3.0,3.0,3.0,3.0,7.0,5.0,5.0,3.0,7.0,9.0,4.0
390.0,train,False,5.0,18.0,3.0,3.0,999.0,999.0,999.0,3.0,195.0,7.0,999.0,999.0
390.0,target,True,3.0,3.0,3.0,3.0,3.0,7.0,5.0,5.0,3.0,7.0,9.0,4.0
390.0,target,False,5.0,18.0,3.0,3.0,999.0,999.0,999.0,3.0,356.0,7.0,999.0,999.0
391.0,train,True,3.0,3.0,3.0,3.0,3.0,7.0,5.0,5.0,5.0,7.0,9.0,4.0
391.0,train,False,3.0,9.0,3.0,3.0,999.0,999.0,999.0,3.0,12.0,7.0,999.0,999.0
391.0,target,True,3.0,3.0,3.0,3.0,3.0,7.0,5.0,5.0,5.0,7.0,9.0,4.0
391.0,target,False,3.0,9.0,3.0,3.0,999.0,999.0,999.0,3.0,14.0,7.0,999.0,999.0
392.0,train,True,27.0,3.0,10.0,12.0,3.0,7.0,5.0,10.0,5.0,9.0,9.0,4.0
392.0,train,False,241.0,999.0,221.0,47.0,999.0,999.0,999.0,999.0,999.0,7.0,999.0,999.0
392.0,target,True,27.0,3.0,10.0,12.0,3.0,7.0,5.0,10.0,5.0,10.0,9.0,4.0
392.0,target,False,999.0,999.0,367.0,40.0,999.0,999.0,999.0,27.0,999.0,7.0,999.0,999.0
393.0,train,True,7.0,3.0,10.0,5.0,3.0,7.0,7.0,5.0,7.0,7.0,9.0,4.0
393.0,train,False,5.0,5.0,5.0,5.0,999.0,999.0,999.0,5.0,628.0,7.0,999.0,999.0
393.0,target,True,7.0,3.0,10.0,5.0,3.0,7.0,7.0,5.0,7.0,7.0,9.0,4.0
393.0,target,False,5.0,5.0,5.0,5.0,999.0,999.0,999.0,5.0,628.0,7.0,999.0,999.0
394.0,train,True,7.0,3.0,10.0,5.0,3.0,7.0,7.0,7.0,5.0,9.0,9.0,4.0
394.0,train,False,5.0,129.0,6.0,5.0,999.0,999.0,999.0,32.0,999.0,9.0,999.0,999.0
394.0,target,True,10.0,3.0,7.0,7.0,3.0,7.0,7.0,7.0,5.0,11.0,9.0,4.0
394.0,target,False,7.0,130.0,8.0,7.0,999.0,999.0,999.0,23.0,999.0,11.0,999.0,999.0
395.0,train,True,3.0,3.0,3.0,3.0,3.0,7.0,5.0,7.0,3.0,7.0,9.0,4.0
395.0,train,False,3.0,829.0,3.0,3.0,999.0,999.0,999.0,3.0,3.0,7.0,999.0,999.0
395.0,target,True,3.0,3.0,3.0,3.0,3.0,7.0,5.0,7.0,3.0,7.0,9.0,4.0
395.0,target,False,3.0,829.0,3.0,3.0,999.0,999.0,999.0,3.0,3.0,7.0,999.0,999.0
396.0,train,True,3.0,3.0,3.0,3.0,3.0,7.0,5.0,8.0,5.0,9.0,9.0,4.0
396.0,train,False,7.0,999.0,3.0,3.0,999.0,999.0,999.0,3.0,5.0,7.0,999.0,999.0
396.0,target,True,3.0,3.0,3.0,3.0,3.0,7.0,5.0,8.0,5.0,9.0,9.0,4.0
396.0,target,False,7.0,999.0,3.0,3.0,999.0,999.0,999.0,3.0,5.0,7.0,999.0,999.0
397.0,train,True,3.0,3.0,3.0,3.0,3.0,7.0,5.0,5.0,5.0,7.0,9.0,4.0
397.0,train,False,3.0,999.0,3.0,5.0,999.0,999.0,999.0,4.0,3.0,17.0,999.0,999.0
397.0,target,True,3.0,3.0,3.0,3.0,3.0,7.0,5.0,5.0,3.0,7.0,9.0,4.0
397.0,target,False,623.0,202.0,3.0,3.0,999.0,999.0,999.0,3.0,3.0,7.0,999.0,999.0
398.0,train,True,3.0,3.0,3.0,3.0,3.0,7.0,5.0,8.0,5.0,9.0,9.0,4.0
398.0,train,False,7.0,146.0,3.0,3.0,999.0,999.0,999.0,21.0,14.0,9.0,999.0,999.0
398.0,target,True,3.0,3.0,3.0,3.0,3.0,7.0,5.0,8.0,5.0,9.0,9.0,4.0
398.0,target,False,7.0,146.0,3.0,3.0,999.0,999.0,999.0,21.0,3.0,7.0,999.0,999.0
399.0,train,True,27.0,3.0,10.0,12.0,3.0,7.0,5.0,10.0,5.0,9.0,9.0,4.0
399.0,train,False,999.0,21.0,374.0,945.0,999.0,999.0,999.0,134.0,999.0,13.0,999.0,999.0
399.0,target,True,27.0,3.0,10.0,12.0,3.0,7.0,5.0,10.0,5.0,9.0,9.0,4.0
399.0,target,False,999.0,258.0,142.0,945.0,999.0,999.0,999.0,134.0,999.0,552.0,999.0,999.0
400.0,train,True,3.0,3.0,3.0,3.0,3.0,7.0,5.0,5.0,5.0,7.0,9.0,4.0
400.0,train,False,3.0,3.0,3.0,3.0,999.0,999.0,999.0,5.0,999.0,17.0,999.0,312.0
400.0,target,True,3.0,3.0,3.0,3.0,3.0,7.0,5.0,5.0,5.0,7.0,9.0,4.0
400.0,target,False,3.0,3.0,3.0,3.0,999.0,999.0,999.0,5.0,999.0,17.0,999.0,312.0
401.0,train,True,27.0,3.0,10.0,12.0,3.0,7.0,5.0,10.0,5.0,9.0,9.0,4.0
401.0,train,False,999.0,9.0,999.0,673.0,999.0,999.0,999.0,999.0,999.0,7.0,999.0,707.0
401.0,target,True,27.0,3.0,10.0,12.0,3.0,7.0,5.0,10.0,5.0,9.0,9.0,4.0
401.0,target,False,999.0,9.0,999.0,673.0,999.0,999.0,999.0,999.0,999.0,216.0,999.0,999.0
402.0,train,True,18.0,3.0,9.0,12.0,3.0,7.0,5.0,10.0,5.0,7.0,9.0,4.0
402.0,train,False,5.0,5.0,999.0,23.0,999.0,999.0,999.0,113.0,217.0,7.0,999.0,999.0
402.0,target,True,18.0,3.0,9.0,12.0,3.0,7.0,5.0,10.0,5.0,7.0,9.0,4.0
402.0,target,False,5.0,22.0,999.0,290.0,999.0,999.0,999.0,114.0,19.0,284.0,999.0,999.0
403.0,train,True,3.0,3.0,3.0,3.0,3.0,7.0,5.0,5.0,5.0,7.0,9.0,4.0
403.0,train,False,3.0,3.0,3.0,3.0,999.0,999.0,999.0,5.0,9.0,11.0,999.0,10.0
403.0,target,True,3.0,3.0,3.0,3.0,3.0,7.0,5.0,8.0,5.0,9.0,9.0,4.0
403.0,target,False,5.0,3.0,12.0,3.0,999.0,999.0,999.0,3.0,5.0,7.0,999.0,10.0
404.0,train,True,3.0,3.0,3.0,3.0,3.0,7.0,5.0,8.0,5.0,9.0,9.0,4.0
404.0,train,False,7.0,999.0,3.0,3.0,999.0,999.0,999.0,999.0,999.0,7.0,999.0,4.0
404.0,target,True,3.0,3.0,3.0,3.0,3.0,7.0,5.0,8.0,5.0,9.0,9.0,4.0
404.0,target,False,7.0,3.0,12.0,3.0,999.0,999.0,999.0,3.0,675.0,8.0,999.0,13.0
405.0,train,True,3.0,3.0,3.0,3.0,3.0,7.0,5.0,5.0,5.0,7.0,9.0,4.0
405.0,train,False,3.0,13.0,3.0,3.0,999.0,999.0,999.0,3.0,999.0,10.0,999.0,999.0
405.0,target,True,3.0,3.0,3.0,3.0,3.0,7.0,5.0,7.0,5.0,7.0,9.0,4.0
405.0,target,False,3.0,5.0,3.0,3.0,999.0,406.0,999.0,3.0,3.0,7.0,999.0,999.0
406.0,train,True,3.0,3.0,3.0,3.0,3.0,7.0,5.0,8.0,5.0,9.0,9.0,4.0
406.0,train,False,5.0,999.0,3.0,3.0,999.0,17.0,999.0,3.0,999.0,8.0,999.0,999.0
406.0,target,True,3.0,3.0,3.0,3.0,3.0,7.0,5.0,7.0,5.0,8.0,9.0,4.0
406.0,target,False,3.0,999.0,3.0,3.0,999.0,167.0,999.0,3.0,999.0,8.0,999.0,999.0
407.0,train,True,3.0,3.0,3.0,3.0,3.0,7.0,5.0,8.0,3.0,9.0,9.0,4.0
407.0,train,False,5.0,999.0,3.0,3.0,999.0,999.0,999.0,3.0,55.0,7.0,999.0,33.0
407.0,target,True,3.0,3.0,3.0,3.0,3.0,7.0,5.0,8.0,3.0,9.0,9.0,4.0
407.0,target,False,5.0,999.0,3.0,3.0,999.0,999.0,999.0,3.0,999.0,11.0,999.0,14.0
408.0,train,True,7.0,3.0,10.0,5.0,3.0,7.0,7.0,7.0,5.0,9.0,9.0,4.0
408.0,train,False,5.0,5.0,87.0,5.0,999.0,999.0,999.0,9.0,243.0,7.0,999.0,999.0
408.0,target,True,7.0,3.0,10.0,5.0,3.0,7.0,7.0,7.0,5.0,9.0,9.0,4.0
408.0,target,False,5.0,3.0,5.0,9.0,999.0,999.0,999.0,9.0,24.0,7.0,999.0,999.0
409.0,train,True,3.0,3.0,3.0,3.0,3.0,7.0,5.0,8.0,5.0,9.0,9.0,4.0
409.0,train,False,5.0,5.0,3.0,3.0,999.0,999.0,999.0,6.0,5.0,7.0,999.0,999.0
409.0,target,True,3.0,3.0,3.0,3.0,3.0,7.0,5.0,8.0,5.0,9.0,9.0,4.0
409.0,target,False,5.0,25.0,3.0,3.0,999.0,999.0,999.0,3.0,5.0,7.0,999.0,999.0
410.0,train,True,3.0,3.0,3.0,3.0,3.0,7.0,5.0,8.0,5.0,9.0,9.0,4.0
410.0,train,False,7.0,19.0,3.0,3.0,999.0,999.0,999.0,90.0,85.0,19.0,999.0,999.0
410.0,target,True,3.0,3.0,3.0,3.0,3.0,7.0,5.0,8.0,5.0,9.0,9.0,4.0
410.0,target,False,7.0,19.0,3.0,3.0,999.0,999.0,999.0,90.0,999.0,459.0,999.0,999.0
411.0,train,True,3.0,3.0,3.0,3.0,3.0,7.0,5.0,5.0,5.0,7.0,9.0,4.0
411.0,train,False,3.0,36.0,3.0,3.0,999.0,999.0,999.0,3.0,9.0,7.0,999.0,999.0
411.0,target,True,3.0,3.0,3.0,3.0,3.0,7.0,5.0,5.0,5.0,7.0,9.0,4.0
411.0,target,False,3.0,155.0,3.0,3.0,999.0,999.0,999.0,3.0,35.0,7.0,999.0,999.0
412.0,train,True,3.0,3.0,3.0,3.0,3.0,7.0,5.0,8.0,5.0,9.0,9.0,4.0
412.0,train,False,5.0,5.0,3.0,3.0,999.0,999.0,999.0,4.0,5.0,999.0,999.0,999.0
412.0,target,True,3.0,3.0,3.0,3.0,3.0,7.0,5.0,7.0,5.0,9.0,9.0,4.0
412.0,target,False,3.0,6.0,3.0,3.0,999.0,999.0,999.0,7.0,999.0,999.0,999.0,999.0
413.0,train,True,3.0,3.0,3.0,3.0,3.0,7.0,5.0,5.0,3.0,7.0,9.0,4.0
413.0,train,False,12.0,3.0,3.0,3.0,999.0,999.0,999.0,5.0,30.0,7.0,999.0,999.0
413.0,target,True,3.0,3.0,3.0,3.0,3.0,7.0,5.0,5.0,3.0,7.0,9.0,4.0
413.0,target,False,12.0,3.0,3.0,3.0,999.0,999.0,999.0,5.0,30.0,7.0,999.0,999.0
414.0,train,True,3.0,3.0,3.0,3.0,3.0,7.0,5.0,8.0,3.0,9.0,9.0,4.0
414.0,train,False,5.0,3.0,13.0,3.0,999.0,999.0,999.0,3.0,3.0,999.0,999.0,999.0
414.0,target,True,3.0,3.0,3.0,3.0,3.0,7.0,5.0,8.0,3.0,9.0,9.0,4.0
414.0,target,False,5.0,3.0,13.0,3.0,999.0,999.0,999.0,3.0,3.0,999.0,999.0,999.0
415.0,train,True,3.0,3.0,3.0,3.0,3.0,7.0,5.0,8.0,3.0,9.0,9.0,4.0
415.0,train,False,5.0,3.0,11.0,3.0,999.0,999.0,999.0,3.0,999.0,999.0,999.0,999.0
415.0,target,True,3.0,3.0,3.0,3.0,3.0,7.0,5.0,8.0,3.0,9.0,9.0,4.0
415.0,target,False,5.0,3.0,11.0,3.0,999.0,999.0,999.0,3.0,999.0,999.0,999.0,999.0
416.0,train,True,3.0,3.0,3.0,3.0,3.0,7.0,5.0,5.0,3.0,9.0,9.0,4.0
416.0,train,False,3.0,3.0,3.0,3.0,999.0,999.0,999.0,3.0,3.0,7.0,999.0,999.0
416.0,target,True,3.0,3.0,3.0,3.0,3.0,7.0,5.0,5.0,3.0,15.0,9.0,4.0
416.0,target,False,3.0,3.0,3.0,3.0,999.0,999.0,999.0,9.0,8.0,7.0,999.0,999.0
417.0,train,True,3.0,3.0,3.0,3.0,3.0,7.0,5.0,5.0,3.0,9.0,9.0,4.0
417.0,train,False,3.0,3.0,3.0,3.0,999.0,999.0,999.0,3.0,3.0,7.0,999.0,999.0
417.0,target,True,3.0,3.0,3.0,3.0,3.0,7.0,5.0,5.0,3.0,9.0,9.0,4.0
417.0,target,False,3.0,3.0,3.0,3.0,999.0,999.0,999.0,3.0,3.0,7.0,999.0,999.0
418.0,train,True,27.0,3.0,10.0,9.0,3.0,7.0,7.0,11.0,3.0,9.0,9.0,4.0
418.0,train,False,563.0,3.0,59.0,86.0,999.0,999.0,999.0,999.0,999.0,74.0,999.0,999.0
418.0,target,True,27.0,3.0,10.0,9.0,3.0,7.0,7.0,11.0,3.0,9.0,9.0,4.0
418.0,target,False,563.0,3.0,59.0,89.0,999.0,999.0,999.0,256.0,999.0,13.0,999.0,999.0
419.0,train,True,3.0,3.0,3.0,3.0,3.0,7.0,5.0,5.0,5.0,7.0,9.0,4.0
419.0,train,False,3.0,12.0,3.0,3.0,999.0,999.0,999.0,4.0,46.0,7.0,999.0,999.0
419.0,target,True,3.0,3.0,3.0,3.0,3.0,7.0,5.0,5.0,5.0,7.0,9.0,4.0
419.0,target,False,3.0,12.0,3.0,3.0,999.0,999.0,999.0,4.0,46.0,7.0,999.0,999.0
420.0,train,True,3.0,3.0,3.0,3.0,3.0,7.0,5.0,8.0,3.0,9.0,9.0,4.0
420.0,train,False,5.0,158.0,4.0,3.0,999.0,999.0,999.0,3.0,3.0,7.0,999.0,999.0
420.0,target,True,3.0,3.0,3.0,3.0,3.0,7.0,5.0,8.0,3.0,9.0,9.0,4.0
420.0,target,False,5.0,5.0,3.0,3.0,999.0,999.0,999.0,4.0,3.0,9.0,999.0,999.0
421.0,train,True,3.0,3.0,3.0,3.0,3.0,7.0,5.0,8.0,5.0,9.0,9.0,4.0
421.0,train,False,5.0,5.0,3.0,3.0,999.0,999.0,999.0,4.0,5.0,999.0,999.0,999.0
421.0,target,True,3.0,3.0,3.0,3.0,3.0,7.0,5.0,8.0,5.0,9.0,9.0,4.0
421.0,target,False,5.0,5.0,3.0,3.0,999.0,999.0,999.0,4.0,5.0,999.0,999.0,999.0
422.0,train,True,3.0,3.0,3.0,3.0,3.0,7.0,5.0,8.0,3.0,9.0,9.0,4.0
422.0,train,False,5.0,5.0,3.0,3.0,999.0,999.0,999.0,4.0,3.0,999.0,999.0,999.0
422.0,target,True,3.0,3.0,3.0,3.0,3.0,7.0,5.0,8.0,3.0,9.0,9.0,4.0
422.0,target,False,5.0,5.0,3.0,3.0,999.0,999.0,999.0,4.0,3.0,999.0,999.0,999.0
423.0,train,True,8.0,3.0,10.0,7.0,3.0,7.0,5.0,7.0,3.0,7.0,9.0,4.0
423.0,train,False,7.0,7.0,7.0,7.0,999.0,999.0,999.0,7.0,5.0,7.0,999.0,999.0
423.0,target,True,7.0,3.0,10.0,5.0,3.0,7.0,7.0,5.0,3.0,9.0,9.0,4.0
423.0,target,False,5.0,5.0,5.0,5.0,999.0,999.0,999.0,5.0,7.0,225.0,999.0,999.0
424.0,train,True,3.0,3.0,3.0,3.0,3.0,7.0,5.0,7.0,5.0,8.0,9.0,4.0
424.0,train,False,3.0,5.0,3.0,3.0,999.0,999.0,999.0,3.0,7.0,7.0,999.0,999.0
424.0,target,True,3.0,3.0,3.0,3.0,3.0,7.0,5.0,7.0,5.0,8.0,9.0,4.0
424.0,target,False,3.0,5.0,3.0,3.0,999.0,999.0,999.0,3.0,7.0,7.0,999.0,999.0
425.0,train,True,9.0,3.0,10.0,11.0,3.0,7.0,7.0,10.0,3.0,7.0,9.0,4.0
425.0,train,False,31.0,255.0,153.0,49.0,272.0,999.0,999.0,134.0,3.0,9.0,999.0,999.0
425.0,target,True,7.0,3.0,10.0,13.0,3.0,7.0,5.0,11.0,5.0,7.0,9.0,4.0
425.0,target,False,12.0,255.0,23.0,12.0,52.0,999.0,999.0,100.0,3.0,7.0,999.0,792.0
426.0,train,True,3.0,3.0,3.0,3.0,3.0,7.0,5.0,5.0,3.0,7.0,9.0,4.0
426.0,train,False,5.0,3.0,3.0,3.0,12.0,999.0,999.0,3.0,3.0,7.0,999.0,53.0
426.0,target,True,3.0,3.0,3.0,3.0,3.0,7.0,5.0,5.0,3.0,7.0,9.0,4.0
426.0,target,False,5.0,3.0,3.0,3.0,13.0,999.0,999.0,3.0,3.0,7.0,999.0,4.0
427.0,train,True,3.0,3.0,3.0,3.0,3.0,7.0,5.0,5.0,3.0,7.0,9.0,4.0
427.0,train,False,5.0,3.0,3.0,3.0,646.0,999.0,999.0,3.0,3.0,7.0,999.0,5.0
427.0,target,True,3.0,3.0,3.0,3.0,3.0,7.0,5.0,5.0,3.0,7.0,9.0,4.0
427.0,target,False,5.0,3.0,3.0,3.0,15.0,300.0,935.0,3.0,3.0,7.0,999.0,4.0
428.0,train,True,3.0,3.0,3.0,3.0,3.0,7.0,5.0,5.0,3.0,7.0,9.0,4.0
428.0,train,False,5.0,3.0,3.0,3.0,420.0,692.0,773.0,3.0,3.0,11.0,999.0,6.0
428.0,target,True,3.0,3.0,3.0,3.0,3.0,7.0,5.0,5.0,3.0,7.0,9.0,4.0
428.0,target,False,5.0,3.0,3.0,3.0,377.0,871.0,999.0,3.0,3.0,7.0,999.0,6.0
429.0,train,True,3.0,3.0,3.0,3.0,3.0,7.0,5.0,5.0,3.0,7.0,9.0,4.0
429.0,train,False,5.0,3.0,3.0,3.0,11.0,999.0,241.0,3.0,3.0,7.0,999.0,28.0
429.0,target,True,3.0,3.0,3.0,3.0,3.0,7.0,5.0,5.0,3.0,7.0,9.0,4.0
429.0,target,False,5.0,3.0,3.0,3.0,11.0,999.0,241.0,3.0,3.0,7.0,999.0,28.0
430.0,train,True,3.0,3.0,3.0,3.0,3.0,7.0,5.0,5.0,3.0,7.0,9.0,4.0
430.0,train,False,5.0,3.0,3.0,3.0,13.0,7.0,7.0,3.0,3.0,7.0,999.0,5.0
430.0,target,True,3.0,3.0,3.0,3.0,3.0,7.0,5.0,5.0,3.0,7.0,9.0,4.0
430.0,target,False,5.0,3.0,3.0,3.0,13.0,7.0,7.0,3.0,3.0,7.0,999.0,5.0
431.0,train,True,3.0,3.0,3.0,3.0,3.0,7.0,5.0,5.0,3.0,17.0,9.0,4.0
431.0,train,False,4.0,3.0,3.0,3.0,10.0,308.0,999.0,3.0,7.0,52.0,999.0,4.0
431.0,target,True,3.0,3.0,3.0,3.0,3.0,7.0,5.0,5.0,3.0,7.0,9.0,4.0
431.0,target,False,5.0,3.0,3.0,3.0,13.0,275.0,522.0,4.0,3.0,7.0,999.0,5.0
432.0,train,True,3.0,3.0,3.0,3.0,3.0,7.0,5.0,5.0,3.0,7.0,9.0,4.0
432.0,train,False,5.0,3.0,3.0,3.0,15.0,131.0,237.0,3.0,3.0,14.0,999.0,4.0
432.0,target,True,3.0,3.0,3.0,3.0,3.0,7.0,5.0,5.0,3.0,7.0,9.0,4.0
432.0,target,False,5.0,3.0,3.0,3.0,116.0,32.0,10.0,3.0,3.0,7.0,999.0,4.0
433.0,train,True,3.0,3.0,3.0,3.0,3.0,7.0,5.0,5.0,3.0,7.0,9.0,4.0
433.0,train,False,5.0,3.0,3.0,3.0,11.0,339.0,9.0,3.0,3.0,7.0,999.0,4.0
433.0,target,True,3.0,3.0,3.0,3.0,3.0,7.0,5.0,5.0,3.0,7.0,9.0,4.0
433.0,target,False,5.0,3.0,3.0,3.0,11.0,480.0,9.0,3.0,3.0,8.0,999.0,4.0
434.0,train,True,3.0,3.0,3.0,3.0,3.0,7.0,5.0,5.0,3.0,7.0,9.0,4.0
434.0,train,False,5.0,3.0,3.0,3.0,14.0,999.0,840.0,3.0,3.0,8.0,999.0,4.0
434.0,target,True,3.0,3.0,3.0,3.0,3.0,7.0,5.0,5.0,3.0,11.0,9.0,4.0
434.0,target,False,3.0,9.0,3.0,3.0,10.0,810.0,999.0,3.0,3.0,13.0,999.0,4.0
435.0,train,True,3.0,3.0,3.0,3.0,3.0,7.0,5.0,5.0,3.0,7.0,9.0,4.0
435.0,train,False,5.0,3.0,3.0,3.0,11.0,7.0,23.0,3.0,3.0,7.0,999.0,4.0
435.0,target,True,3.0,3.0,3.0,3.0,3.0,7.0,5.0,5.0,3.0,7.0,9.0,4.0
435.0,target,False,5.0,3.0,3.0,3.0,11.0,7.0,9.0,3.0,3.0,7.0,999.0,5.0
436.0,train,True,3.0,3.0,3.0,3.0,3.0,7.0,5.0,5.0,3.0,7.0,9.0,4.0
436.0,train,False,5.0,3.0,3.0,3.0,10.0,903.0,941.0,3.0,3.0,8.0,999.0,4.0
436.0,target,True,3.0,3.0,3.0,3.0,3.0,7.0,5.0,5.0,3.0,7.0,9.0,4.0
436.0,target,False,5.0,3.0,3.0,3.0,10.0,834.0,999.0,3.0,3.0,9.0,999.0,4.0
437.0,train,True,3.0,3.0,3.0,3.0,3.0,7.0,5.0,5.0,3.0,7.0,9.0,4.0
437.0,train,False,5.0,3.0,3.0,3.0,12.0,306.0,333.0,3.0,3.0,11.0,999.0,10.0
437.0,target,True,3.0,3.0,3.0,3.0,3.0,7.0,5.0,5.0,3.0,7.0,9.0,4.0
437.0,target,False,5.0,3.0,3.0,3.0,12.0,13.0,11.0,3.0,3.0,10.0,999.0,26.0
438.0,train,True,3.0,3.0,3.0,3.0,3.0,7.0,5.0,5.0,3.0,7.0,9.0,4.0
438.0,train,False,5.0,3.0,3.0,3.0,434.0,413.0,999.0,3.0,3.0,9.0,999.0,4.0
438.0,target,True,3.0,3.0,3.0,3.0,3.0,7.0,5.0,5.0,3.0,7.0,9.0,4.0
438.0,target,False,5.0,3.0,3.0,3.0,434.0,413.0,999.0,3.0,3.0,9.0,999.0,4.0
439.0,train,True,3.0,3.0,3.0,3.0,3.0,7.0,5.0,5.0,3.0,7.0,9.0,4.0
439.0,train,False,5.0,3.0,3.0,3.0,11.0,7.0,7.0,3.0,3.0,7.0,999.0,5.0
439.0,target,True,3.0,3.0,3.0,3.0,3.0,7.0,5.0,5.0,3.0,7.0,9.0,4.0
439.0,target,False,5.0,3.0,3.0,3.0,11.0,7.0,7.0,3.0,3.0,7.0,999.0,5.0
440.0,train,True,3.0,3.0,3.0,3.0,3.0,7.0,5.0,5.0,5.0,7.0,9.0,4.0
440.0,train,False,3.0,3.0,3.0,3.0,9.0,267.0,999.0,3.0,6.0,7.0,999.0,4.0
440.0,target,True,3.0,3.0,3.0,3.0,3.0,7.0,5.0,5.0,5.0,7.0,9.0,4.0
440.0,target,False,3.0,3.0,3.0,3.0,17.0,9.0,9.0,3.0,78.0,7.0,999.0,4.0
441.0,train,True,3.0,3.0,3.0,3.0,3.0,7.0,5.0,5.0,3.0,7.0,9.0,4.0
441.0,train,False,5.0,3.0,3.0,3.0,11.0,151.0,237.0,4.0,3.0,7.0,999.0,51.0
441.0,target,True,3.0,3.0,3.0,3.0,3.0,7.0,5.0,5.0,3.0,7.0,9.0,4.0
441.0,target,False,5.0,3.0,3.0,3.0,11.0,137.0,373.0,3.0,4.0,8.0,999.0,100.0
442.0,train,True,3.0,3.0,3.0,3.0,3.0,7.0,5.0,5.0,3.0,8.0,9.0,4.0
442.0,train,False,3.0,3.0,3.0,3.0,15.0,449.0,999.0,3.0,3.0,11.0,999.0,73.0
442.0,target,True,3.0,3.0,3.0,3.0,3.0,7.0,5.0,5.0,3.0,17.0,9.0,4.0
442.0,target,False,4.0,3.0,3.0,3.0,101.0,7.0,7.0,3.0,3.0,21.0,999.0,39.0
443.0,train,True,3.0,3.0,3.0,3.0,3.0,7.0,5.0,5.0,3.0,7.0,9.0,4.0
443.0,train,False,5.0,3.0,3.0,3.0,15.0,7.0,7.0,3.0,3.0,7.0,999.0,32.0
443.0,target,True,3.0,3.0,3.0,3.0,3.0,7.0,5.0,5.0,3.0,7.0,9.0,4.0
443.0,target,False,5.0,3.0,3.0,3.0,15.0,7.0,7.0,3.0,3.0,7.0,999.0,32.0
444.0,train,True,3.0,3.0,3.0,3.0,3.0,7.0,5.0,5.0,3.0,7.0,9.0,4.0
444.0,train,False,5.0,3.0,3.0,3.0,11.0,53.0,49.0,3.0,3.0,7.0,999.0,87.0
444.0,target,True,3.0,3.0,3.0,3.0,3.0,7.0,5.0,5.0,3.0,7.0,9.0,4.0
444.0,target,False,5.0,3.0,3.0,3.0,143.0,571.0,104.0,3.0,3.0,7.0,999.0,35.0
445.0,train,True,3.0,3.0,3.0,3.0,3.0,7.0,5.0,5.0,3.0,7.0,9.0,4.0
445.0,train,False,5.0,3.0,3.0,3.0,195.0,999.0,999.0,3.0,3.0,7.0,878.0,4.0
445.0,target,True,3.0,3.0,3.0,3.0,3.0,7.0,5.0,5.0,3.0,7.0,9.0,4.0
445.0,target,False,5.0,3.0,3.0,3.0,583.0,11.0,298.0,3.0,3.0,7.0,999.0,105.0
446.0,train,True,3.0,3.0,3.0,3.0,3.0,7.0,5.0,5.0,3.0,7.0,9.0,4.0
446.0,train,False,5.0,3.0,3.0,3.0,9.0,11.0,11.0,4.0,3.0,7.0,999.0,4.0
446.0,target,True,3.0,3.0,3.0,3.0,3.0,7.0,5.0,5.0,3.0,7.0,9.0,4.0
446.0,target,False,5.0,3.0,3.0,3.0,9.0,10.0,11.0,3.0,3.0,7.0,999.0,5.0
468.0,train,True,3.0,3.0,3.0,3.0,3.0,7.0,5.0,5.0,3.0,17.0,9.0,4.0
468.0,train,False,4.0,3.0,3.0,3.0,10.0,872.0,999.0,3.0,3.0,29.0,999.0,98.0
468.0,target,True,3.0,3.0,3.0,3.0,3.0,7.0,5.0,5.0,3.0,17.0,9.0,4.0
468.0,target,False,4.0,3.0,3.0,3.0,8.0,999.0,999.0,3.0,3.0,289.0,999.0,6.0
469.0,train,True,3.0,3.0,3.0,3.0,3.0,7.0,5.0,5.0,3.0,17.0,9.0,4.0
469.0,train,False,4.0,3.0,3.0,3.0,89.0,505.0,460.0,3.0,3.0,21.0,999.0,4.0
469.0,target,True,3.0,3.0,3.0,3.0,3.0,7.0,5.0,5.0,3.0,17.0,9.0,4.0
469.0,target,False,4.0,3.0,3.0,3.0,89.0,505.0,516.0,3.0,3.0,70.0,999.0,4.0
470.0,train,True,3.0,3.0,3.0,3.0,3.0,7.0,5.0,5.0,3.0,7.0,9.0,4.0
470.0,train,False,14.0,8.0,5.0,3.0,95.0,31.0,999.0,3.0,3.0,7.0,999.0,4.0
470.0,target,True,3.0,3.0,3.0,3.0,3.0,7.0,5.0,5.0,3.0,7.0,9.0,4.0
470.0,target,False,14.0,8.0,5.0,3.0,13.0,112.0,999.0,3.0,3.0,7.0,999.0,4.0
471.0,train,True,69.0,3.0,10.0,12.0,3.0,7.0,5.0,10.0,3.0,7.0,9.0,4.0
471.0,train,False,999.0,73.0,41.0,999.0,101.0,9.0,33.0,999.0,3.0,7.0,999.0,4.0
471.0,target,True,3.0,3.0,3.0,3.0,3.0,7.0,5.0,6.0,3.0,9.0,9.0,4.0
471.0,target,False,5.0,3.0,5.0,3.0,92.0,999.0,999.0,3.0,3.0,8.0,999.0,4.0
472.0,train,True,3.0,3.0,3.0,3.0,3.0,7.0,5.0,5.0,3.0,17.0,9.0,4.0
472.0,train,False,4.0,3.0,3.0,3.0,7.0,813.0,999.0,3.0,3.0,844.0,999.0,26.0
472.0,target,True,3.0,3.0,3.0,3.0,3.0,7.0,5.0,5.0,3.0,17.0,9.0,4.0
472.0,target,False,4.0,3.0,3.0,3.0,7.0,319.0,306.0,3.0,3.0,80.0,999.0,4.0
473.0,train,True,27.0,3.0,10.0,12.0,3.0,7.0,5.0,10.0,3.0,7.0,9.0,4.0
473.0,train,False,5.0,255.0,999.0,71.0,20.0,999.0,999.0,98.0,3.0,7.0,999.0,97.0
473.0,target,True,27.0,3.0,10.0,12.0,3.0,7.0,5.0,10.0,3.0,7.0,9.0,4.0
473.0,target,False,5.0,253.0,152.0,95.0,340.0,999.0,999.0,33.0,3.0,7.0,999.0,62.0
474.0,train,True,3.0,3.0,3.0,3.0,3.0,7.0,5.0,7.0,3.0,7.0,9.0,4.0
474.0,train,False,3.0,3.0,3.0,3.0,9.0,999.0,999.0,3.0,3.0,7.0,999.0,4.0
474.0,target,True,3.0,3.0,3.0,3.0,3.0,7.0,5.0,7.0,3.0,7.0,9.0,4.0
474.0,target,False,3.0,3.0,3.0,3.0,9.0,999.0,999.0,3.0,3.0,7.0,999.0,4.0
503.0,train,True,3.0,3.0,3.0,3.0,3.0,7.0,5.0,5.0,3.0,7.0,9.0,4.0
503.0,train,False,5.0,3.0,3.0,3.0,9.0,999.0,999.0,3.0,3.0,7.0,999.0,4.0
503.0,target,True,3.0,3.0,3.0,3.0,3.0,7.0,5.0,5.0,3.0,7.0,9.0,4.0
503.0,target,False,5.0,3.0,3.0,3.0,9.0,9.0,999.0,5.0,3.0,17.0,999.0,4.0
504.0,train,True,3.0,3.0,3.0,3.0,3.0,7.0,5.0,5.0,3.0,7.0,9.0,4.0
504.0,train,False,5.0,3.0,3.0,3.0,142.0,452.0,457.0,3.0,3.0,7.0,999.0,4.0
504.0,target,True,3.0,3.0,3.0,3.0,3.0,7.0,5.0,5.0,3.0,7.0,9.0,4.0
504.0,target,False,5.0,3.0,3.0,3.0,537.0,256.0,261.0,3.0,3.0,7.0,999.0,4.0
505.0,train,True,3.0,3.0,3.0,3.0,3.0,7.0,5.0,5.0,3.0,7.0,9.0,4.0
505.0,train,False,5.0,3.0,3.0,3.0,999.0,999.0,999.0,3.0,3.0,13.0,999.0,4.0
505.0,target,True,3.0,3.0,3.0,3.0,3.0,7.0,5.0,5.0,3.0,17.0,9.0,4.0
505.0,target,False,4.0,3.0,3.0,3.0,999.0,999.0,999.0,3.0,3.0,120.0,999.0,4.0
506.0,train,True,3.0,3.0,3.0,3.0,3.0,7.0,5.0,5.0,3.0,7.0,9.0,4.0
506.0,train,False,5.0,3.0,3.0,3.0,369.0,253.0,999.0,3.0,3.0,7.0,999.0,77.0
506.0,target,True,3.0,3.0,3.0,3.0,3.0,7.0,5.0,5.0,3.0,7.0,9.0,4.0
506.0,target,False,5.0,3.0,3.0,3.0,368.0,999.0,999.0,3.0,3.0,7.0,626.0,37.0
507.0,train,True,3.0,3.0,3.0,3.0,3.0,7.0,5.0,5.0,3.0,7.0,9.0,4.0
507.0,train,False,5.0,3.0,3.0,3.0,9.0,999.0,999.0,3.0,3.0,7.0,999.0,4.0
507.0,target,True,3.0,3.0,3.0,3.0,3.0,7.0,5.0,5.0,3.0,7.0,9.0,4.0
507.0,target,False,5.0,3.0,3.0,3.0,29.0,999.0,999.0,3.0,3.0,7.0,999.0,4.0
508.0,train,True,3.0,3.0,3.0,3.0,3.0,7.0,5.0,5.0,3.0,7.0,9.0,4.0
508.0,train,False,5.0,3.0,3.0,3.0,9.0,999.0,999.0,3.0,3.0,7.0,999.0,4.0
508.0,target,True,3.0,3.0,3.0,3.0,3.0,7.0,5.0,5.0,3.0,7.0,9.0,4.0
508.0,target,False,5.0,3.0,3.0,3.0,9.0,999.0,999.0,3.0,3.0,7.0,999.0,4.0
509.0,train,True,3.0,3.0,3.0,3.0,3.0,7.0,5.0,5.0,3.0,8.0,9.0,4.0
509.0,train,False,3.0,3.0,3.0,3.0,118.0,217.0,629.0,3.0,3.0,8.0,999.0,8.0
509.0,target,True,3.0,3.0,3.0,3.0,3.0,7.0,5.0,5.0,3.0,8.0,9.0,4.0
509.0,target,False,3.0,3.0,3.0,3.0,144.0,167.0,164.0,3.0,3.0,8.0,999.0,4.0
539.0,train,True,3.0,3.0,3.0,3.0,3.0,7.0,5.0,5.0,5.0,7.0,9.0,4.0
539.0,train,False,3.0,3.0,3.0,3.0,13.0,999.0,999.0,3.0,3.0,9.0,999.0,4.0
539.0,target,True,3.0,3.0,3.0,3.0,3.0,7.0,5.0,5.0,5.0,7.0,9.0,4.0
539.0,target,False,3.0,3.0,3.0,3.0,22.0,999.0,999.0,3.0,56.0,7.0,999.0,4.0
540.0,train,True,3.0,3.0,3.0,3.0,3.0,7.0,5.0,5.0,3.0,15.0,9.0,4.0
540.0,train,False,3.0,3.0,3.0,3.0,12.0,999.0,999.0,3.0,3.0,19.0,999.0,4.0
540.0,target,True,3.0,3.0,3.0,3.0,3.0,7.0,5.0,5.0,3.0,17.0,9.0,4.0
540.0,target,False,4.0,3.0,3.0,3.0,7.0,999.0,999.0,3.0,3.0,65.0,999.0,4.0
541.0,train,True,3.0,3.0,3.0,3.0,3.0,7.0,5.0,5.0,3.0,7.0,9.0,4.0
541.0,train,False,5.0,3.0,3.0,3.0,9.0,860.0,999.0,3.0,3.0,7.0,999.0,4.0
541.0,target,True,3.0,3.0,3.0,3.0,3.0,7.0,5.0,5.0,3.0,7.0,9.0,4.0
541.0,target,False,5.0,3.0,3.0,3.0,9.0,999.0,999.0,3.0,3.0,7.0,999.0,4.0
542.0,train,True,3.0,3.0,3.0,3.0,3.0,7.0,5.0,5.0,3.0,7.0,9.0,4.0
542.0,train,False,5.0,3.0,3.0,3.0,198.0,32.0,435.0,3.0,3.0,7.0,999.0,4.0
542.0,target,True,3.0,3.0,3.0,3.0,3.0,7.0,5.0,5.0,3.0,7.0,9.0,4.0
542.0,target,False,5.0,3.0,3.0,3.0,283.0,999.0,999.0,3.0,3.0,9.0,999.0,4.0
543.0,train,True,3.0,3.0,3.0,3.0,3.0,7.0,5.0,5.0,3.0,7.0,9.0,4.0
543.0,train,False,5.0,3.0,3.0,3.0,31.0,999.0,999.0,3.0,3.0,7.0,999.0,6.0
543.0,target,True,3.0,3.0,3.0,3.0,3.0,7.0,5.0,5.0,5.0,7.0,9.0,4.0
543.0,target,False,3.0,3.0,3.0,3.0,999.0,999.0,999.0,5.0,4.0,7.0,999.0,6.0
544.0,train,True,3.0,3.0,3.0,3.0,3.0,7.0,5.0,5.0,3.0,7.0,9.0,4.0
544.0,train,False,5.0,3.0,3.0,3.0,13.0,55.0,9.0,3.0,3.0,7.0,999.0,6.0
544.0,target,True,3.0,3.0,3.0,3.0,3.0,7.0,5.0,5.0,3.0,7.0,9.0,4.0
544.0,target,False,5.0,3.0,3.0,3.0,121.0,30.0,20.0,3.0,3.0,7.0,999.0,6.0
545.0,train,True,3.0,3.0,3.0,3.0,3.0,7.0,5.0,5.0,3.0,7.0,9.0,4.0
545.0,train,False,5.0,3.0,3.0,3.0,16.0,40.0,38.0,3.0,3.0,7.0,999.0,4.0
545.0,target,True,3.0,3.0,3.0,3.0,3.0,7.0,5.0,5.0,3.0,7.0,9.0,4.0
545.0,target,False,5.0,3.0,3.0,3.0,30.0,999.0,999.0,3.0,3.0,7.0,999.0,4.0
574.0,train,True,3.0,3.0,3.0,3.0,3.0,7.0,5.0,5.0,3.0,7.0,9.0,4.0
574.0,train,False,5.0,3.0,3.0,3.0,118.0,999.0,999.0,3.0,3.0,8.0,191.0,452.0
574.0,target,True,3.0,3.0,3.0,3.0,3.0,7.0,5.0,5.0,3.0,7.0,9.0,4.0
574.0,target,False,5.0,3.0,3.0,3.0,186.0,303.0,157.0,3.0,7.0,7.0,568.0,70.0
575.0,train,True,3.0,3.0,3.0,3.0,3.0,7.0,5.0,5.0,3.0,7.0,9.0,4.0
575.0,train,False,5.0,3.0,3.0,3.0,235.0,874.0,860.0,3.0,4.0,7.0,999.0,4.0
575.0,target,True,3.0,3.0,3.0,3.0,3.0,7.0,5.0,5.0,3.0,7.0,9.0,4.0
575.0,target,False,5.0,3.0,3.0,3.0,29.0,999.0,999.0,3.0,3.0,7.0,999.0,4.0
576.0,train,True,3.0,3.0,3.0,3.0,3.0,7.0,5.0,5.0,5.0,7.0,9.0,4.0
576.0,train,False,3.0,3.0,3.0,3.0,13.0,999.0,999.0,3.0,56.0,13.0,999.0,4.0
576.0,target,True,3.0,3.0,3.0,3.0,3.0,7.0,5.0,5.0,5.0,12.0,9.0,4.0
576.0,target,False,3.0,3.0,3.0,3.0,9.0,999.0,999.0,3.0,58.0,7.0,999.0,4.0
577.0,train,True,3.0,3.0,3.0,3.0,3.0,7.0,5.0,5.0,3.0,7.0,9.0,4.0
577.0,train,False,5.0,3.0,3.0,3.0,9.0,999.0,999.0,3.0,3.0,7.0,999.0,4.0
577.0,target,True,3.0,3.0,3.0,3.0,3.0,7.0,5.0,5.0,3.0,7.0,9.0,4.0
577.0,target,False,5.0,3.0,3.0,3.0,9.0,999.0,999.0,3.0,3.0,7.0,999.0,4.0
578.0,train,True,3.0,3.0,3.0,3.0,3.0,7.0,5.0,5.0,3.0,7.0,9.0,4.0
578.0,train,False,5.0,3.0,3.0,3.0,587.0,139.0,51.0,3.0,3.0,999.0,999.0,4.0
578.0,target,True,3.0,3.0,3.0,3.0,3.0,7.0,5.0,5.0,3.0,7.0,9.0,4.0
578.0,target,False,5.0,3.0,3.0,3.0,319.0,541.0,999.0,3.0,3.0,8.0,999.0,4.0
579.0,train,True,24.0,3.0,10.0,12.0,3.0,7.0,5.0,24.0,3.0,7.0,9.0,4.0
579.0,train,False,223.0,5.0,32.0,5.0,7.0,634.0,999.0,74.0,3.0,7.0,999.0,4.0
579.0,target,True,3.0,3.0,3.0,3.0,3.0,7.0,5.0,5.0,3.0,7.0,9.0,4.0
579.0,target,False,5.0,3.0,3.0,3.0,31.0,114.0,716.0,3.0,3.0,7.0,999.0,4.0
580.0,train,True,3.0,3.0,3.0,3.0,3.0,7.0,5.0,5.0,3.0,7.0,9.0,4.0
580.0,train,False,14.0,8.0,5.0,3.0,21.0,11.0,116.0,3.0,3.0,7.0,320.0,4.0
580.0,target,True,3.0,3.0,3.0,3.0,3.0,7.0,5.0,5.0,3.0,7.0,9.0,4.0
580.0,target,False,14.0,8.0,5.0,3.0,172.0,139.0,181.0,3.0,3.0,7.0,324.0,4.0
588.0,train,True,3.0,3.0,3.0,3.0,3.0,7.0,5.0,5.0,3.0,7.0,9.0,4.0
588.0,train,False,12.0,11.0,3.0,3.0,999.0,999.0,999.0,3.0,3.0,7.0,999.0,24.0
588.0,target,True,3.0,3.0,3.0,3.0,3.0,7.0,5.0,5.0,3.0,7.0,9.0,4.0
588.0,target,False,12.0,11.0,3.0,3.0,999.0,999.0,999.0,3.0,3.0,7.0,999.0,24.0
589.0,train,True,3.0,3.0,3.0,3.0,3.0,7.0,5.0,8.0,3.0,9.0,9.0,4.0
589.0,train,False,5.0,3.0,5.0,3.0,999.0,999.0,223.0,7.0,3.0,9.0,165.0,999.0
589.0,target,True,3.0,3.0,3.0,3.0,3.0,7.0,5.0,8.0,3.0,9.0,9.0,4.0
589.0,target,False,5.0,3.0,5.0,3.0,999.0,999.0,223.0,7.0,3.0,9.0,165.0,999.0
590.0,train,True,3.0,3.0,3.0,3.0,3.0,7.0,5.0,7.0,3.0,8.0,9.0,4.0
590.0,train,False,3.0,999.0,3.0,5.0,774.0,999.0,999.0,3.0,3.0,999.0,176.0,8.0
590.0,target,True,3.0,3.0,3.0,3.0,3.0,7.0,5.0,8.0,3.0,9.0,9.0,4.0
590.0,target,False,7.0,999.0,3.0,3.0,105.0,999.0,999.0,3.0,3.0,999.0,245.0,9.0
591.0,train,True,3.0,3.0,3.0,3.0,3.0,7.0,5.0,8.0,5.0,9.0,9.0,4.0
591.0,train,False,5.0,6.0,3.0,3.0,999.0,999.0,999.0,3.0,999.0,999.0,999.0,825.0
591.0,target,True,3.0,3.0,3.0,3.0,3.0,7.0,5.0,8.0,5.0,9.0,9.0,4.0
591.0,target,False,5.0,6.0,3.0,3.0,999.0,999.0,999.0,3.0,999.0,999.0,999.0,6.0
592.0,train,True,3.0,3.0,3.0,3.0,3.0,7.0,5.0,7.0,3.0,9.0,9.0,4.0
592.0,train,False,3.0,12.0,3.0,3.0,999.0,999.0,219.0,7.0,3.0,999.0,999.0,5.0
592.0,target,True,3.0,3.0,3.0,3.0,3.0,7.0,5.0,7.0,3.0,9.0,9.0,4.0
592.0,target,False,3.0,12.0,3.0,3.0,999.0,999.0,219.0,7.0,3.0,999.0,999.0,5.0
593.0,train,True,3.0,3.0,3.0,3.0,3.0,7.0,5.0,8.0,3.0,9.0,9.0,4.0
593.0,train,False,5.0,999.0,3.0,3.0,72.0,999.0,999.0,3.0,3.0,7.0,999.0,6.0
593.0,target,True,3.0,3.0,3.0,3.0,3.0,7.0,5.0,8.0,3.0,9.0,9.0,4.0
593.0,target,False,5.0,999.0,3.0,3.0,72.0,999.0,999.0,3.0,3.0,7.0,999.0,6.0
594.0,train,True,3.0,3.0,3.0,3.0,3.0,7.0,5.0,8.0,3.0,9.0,9.0,4.0
594.0,train,False,5.0,999.0,3.0,3.0,999.0,999.0,586.0,3.0,3.0,8.0,999.0,12.0
594.0,target,True,3.0,3.0,3.0,3.0,3.0,7.0,5.0,8.0,3.0,9.0,9.0,4.0
594.0,target,False,5.0,999.0,3.0,3.0,533.0,999.0,999.0,3.0,5.0,8.0,999.0,59.0
595.0,train,True,7.0,3.0,10.0,13.0,3.0,7.0,5.0,11.0,5.0,9.0,9.0,4.0
595.0,train,False,8.0,999.0,143.0,102.0,627.0,999.0,999.0,27.0,110.0,7.0,996.0,20.0
595.0,target,True,24.0,3.0,10.0,12.0,3.0,7.0,5.0,11.0,3.0,17.0,9.0,4.0
595.0,target,False,433.0,999.0,22.0,46.0,198.0,999.0,999.0,31.0,999.0,7.0,240.0,20.0
596.0,train,True,3.0,3.0,3.0,3.0,3.0,7.0,5.0,5.0,3.0,7.0,9.0,4.0
596.0,train,False,5.0,76.0,3.0,3.0,999.0,999.0,999.0,7.0,3.0,7.0,999.0,895.0
596.0,target,True,3.0,3.0,3.0,3.0,3.0,7.0,5.0,5.0,3.0,7.0,9.0,4.0
596.0,target,False,5.0,76.0,3.0,3.0,999.0,999.0,999.0,7.0,3.0,7.0,999.0,403.0
597.0,train,True,3.0,3.0,3.0,3.0,3.0,7.0,5.0,7.0,3.0,48.0,9.0,4.0
597.0,train,False,3.0,271.0,3.0,3.0,14.0,999.0,999.0,3.0,5.0,999.0,999.0,4.0
597.0,target,True,3.0,3.0,3.0,3.0,3.0,7.0,5.0,7.0,3.0,48.0,9.0,4.0
597.0,target,False,3.0,271.0,3.0,3.0,126.0,999.0,368.0,3.0,3.0,999.0,999.0,4.0
598.0,train,True,3.0,3.0,3.0,3.0,3.0,7.0,5.0,5.0,3.0,7.0,9.0,4.0
598.0,train,False,5.0,19.0,3.0,3.0,971.0,904.0,999.0,3.0,3.0,227.0,999.0,4.0
598.0,target,True,3.0,3.0,3.0,3.0,3.0,7.0,5.0,5.0,3.0,7.0,9.0,4.0
598.0,target,False,5.0,19.0,3.0,3.0,343.0,999.0,999.0,3.0,5.0,669.0,999.0,4.0
599.0,train,True,3.0,3.0,3.0,3.0,3.0,7.0,5.0,5.0,3.0,7.0,9.0,4.0
599.0,train,False,6.0,999.0,3.0,5.0,408.0,180.0,999.0,3.0,3.0,7.0,999.0,46.0
599.0,target,True,3.0,3.0,3.0,3.0,3.0,7.0,5.0,5.0,3.0,7.0,9.0,4.0
599.0,target,False,6.0,999.0,3.0,5.0,999.0,999.0,999.0,3.0,3.0,7.0,999.0,999.0
600.0,train,True,3.0,3.0,3.0,3.0,3.0,7.0,5.0,7.0,5.0,9.0,9.0,4.0
600.0,train,False,3.0,9.0,3.0,3.0,340.0,999.0,999.0,3.0,999.0,8.0,999.0,6.0
600.0,target,True,3.0,3.0,3.0,3.0,3.0,7.0,5.0,8.0,5.0,9.0,9.0,4.0
600.0,target,False,5.0,999.0,3.0,3.0,547.0,999.0,999.0,3.0,999.0,8.0,999.0,4.0
601.0,train,True,3.0,3.0,3.0,3.0,3.0,7.0,5.0,8.0,3.0,9.0,9.0,4.0
601.0,train,False,5.0,999.0,3.0,3.0,9.0,94.0,999.0,3.0,3.0,8.0,999.0,4.0
601.0,target,True,3.0,3.0,3.0,3.0,3.0,7.0,5.0,8.0,3.0,9.0,9.0,4.0
601.0,target,False,5.0,999.0,3.0,3.0,999.0,547.0,999.0,3.0,5.0,7.0,999.0,4.0
602.0,train,True,24.0,3.0,10.0,8.0,3.0,7.0,5.0,11.0,3.0,17.0,9.0,4.0
602.0,train,False,999.0,999.0,217.0,446.0,103.0,999.0,999.0,40.0,3.0,66.0,999.0,10.0
602.0,target,True,24.0,3.0,10.0,8.0,3.0,7.0,5.0,11.0,3.0,17.0,9.0,4.0
602.0,target,False,999.0,999.0,913.0,999.0,7.0,999.0,999.0,60.0,3.0,999.0,999.0,4.0
603.0,train,True,3.0,3.0,3.0,3.0,3.0,7.0,5.0,8.0,3.0,9.0,9.0,4.0
603.0,train,False,5.0,999.0,3.0,3.0,999.0,999.0,999.0,5.0,3.0,7.0,999.0,10.0
603.0,target,True,3.0,3.0,3.0,3.0,3.0,7.0,5.0,8.0,3.0,9.0,9.0,4.0
603.0,target,False,5.0,301.0,3.0,3.0,999.0,999.0,999.0,5.0,3.0,7.0,999.0,20.0
604.0,train,True,30.0,3.0,10.0,6.0,3.0,7.0,5.0,11.0,3.0,8.0,9.0,4.0
604.0,train,False,999.0,999.0,999.0,999.0,115.0,999.0,999.0,106.0,3.0,7.0,999.0,6.0
604.0,target,True,30.0,3.0,10.0,6.0,3.0,7.0,5.0,11.0,3.0,7.0,9.0,4.0
604.0,target,False,999.0,999.0,999.0,999.0,75.0,999.0,999.0,999.0,3.0,7.0,999.0,6.0
605.0,train,True,7.0,3.0,10.0,13.0,3.0,7.0,5.0,11.0,3.0,7.0,9.0,4.0
605.0,train,False,13.0,999.0,59.0,59.0,56.0,999.0,999.0,49.0,5.0,15.0,999.0,999.0
605.0,target,True,7.0,3.0,10.0,13.0,3.0,7.0,5.0,11.0,3.0,7.0,9.0,4.0
605.0,target,False,13.0,999.0,59.0,59.0,56.0,999.0,999.0,49.0,5.0,15.0,999.0,999.0
606.0,train,True,3.0,3.0,3.0,3.0,3.0,7.0,5.0,8.0,3.0,9.0,9.0,4.0
606.0,train,False,5.0,3.0,7.0,3.0,297.0,999.0,999.0,3.0,3.0,8.0,999.0,6.0
606.0,target,True,3.0,3.0,3.0,3.0,3.0,7.0,5.0,8.0,3.0,9.0,9.0,4.0
606.0,target,False,5.0,3.0,7.0,3.0,261.0,603.0,999.0,3.0,3.0,8.0,999.0,4.0
607.0,train,True,27.0,3.0,10.0,12.0,3.0,7.0,5.0,10.0,3.0,8.0,9.0,4.0
607.0,train,False,752.0,415.0,32.0,141.0,484.0,299.0,985.0,373.0,3.0,999.0,999.0,143.0
607.0,target,True,27.0,3.0,10.0,12.0,3.0,7.0,5.0,10.0,3.0,8.0,9.0,4.0
607.0,target,False,752.0,415.0,32.0,76.0,96.0,588.0,999.0,71.0,3.0,7.0,999.0,136.0
608.0,train,True,7.0,3.0,10.0,13.0,3.0,7.0,5.0,12.0,3.0,21.0,9.0,4.0
608.0,train,False,363.0,5.0,99.0,35.0,67.0,999.0,999.0,24.0,3.0,49.0,999.0,4.0
608.0,target,True,7.0,3.0,10.0,13.0,3.0,7.0,5.0,12.0,3.0,21.0,9.0,4.0
608.0,target,False,363.0,5.0,99.0,35.0,67.0,999.0,999.0,24.0,3.0,41.0,999.0,4.0
609.0,train,True,3.0,3.0,3.0,3.0,3.0,7.0,5.0,8.0,3.0,9.0,9.0,4.0
609.0,train,False,5.0,306.0,3.0,3.0,999.0,999.0,999.0,26.0,5.0,8.0,999.0,96.0
609.0,target,True,3.0,3.0,3.0,3.0,3.0,7.0,5.0,8.0,3.0,9.0,9.0,4.0
609.0,target,False,5.0,999.0,3.0,3.0,999.0,999.0,999.0,11.0,3.0,10.0,999.0,4.0
610.0,train,True,69.0,3.0,10.0,12.0,3.0,7.0,5.0,10.0,3.0,7.0,9.0,4.0
610.0,train,False,999.0,999.0,98.0,972.0,999.0,283.0,999.0,999.0,3.0,7.0,999.0,4.0
610.0,target,True,69.0,3.0,10.0,12.0,3.0,7.0,5.0,10.0,5.0,9.0,9.0,4.0
610.0,target,False,999.0,999.0,98.0,648.0,999.0,61.0,999.0,999.0,3.0,7.0,999.0,4.0
611.0,train,True,24.0,3.0,10.0,9.0,3.0,7.0,7.0,11.0,5.0,7.0,9.0,4.0
611.0,train,False,27.0,212.0,61.0,194.0,164.0,999.0,999.0,203.0,999.0,999.0,999.0,4.0
611.0,target,True,24.0,3.0,10.0,9.0,3.0,7.0,7.0,11.0,5.0,7.0,9.0,4.0
611.0,target,False,27.0,212.0,61.0,194.0,164.0,999.0,999.0,203.0,999.0,999.0,999.0,4.0
612.0,train,True,3.0,3.0,3.0,3.0,3.0,7.0,5.0,8.0,3.0,9.0,9.0,4.0
612.0,train,False,5.0,3.0,5.0,3.0,261.0,999.0,999.0,3.0,3.0,999.0,999.0,4.0
612.0,target,True,3.0,3.0,3.0,3.0,3.0,7.0,5.0,8.0,3.0,9.0,9.0,4.0
612.0,target,False,5.0,3.0,5.0,3.0,261.0,999.0,999.0,3.0,3.0,301.0,999.0,8.0
613.0,train,True,9.0,3.0,6.0,14.0,3.0,7.0,7.0,8.0,3.0,7.0,9.0,4.0
613.0,train,False,15.0,999.0,11.0,20.0,999.0,999.0,999.0,14.0,4.0,7.0,999.0,4.0
613.0,target,True,3.0,3.0,3.0,3.0,3.0,7.0,5.0,6.0,3.0,9.0,9.0,4.0
613.0,target,False,5.0,7.0,3.0,3.0,999.0,999.0,999.0,76.0,3.0,7.0,999.0,4.0
614.0,train,True,3.0,3.0,3.0,3.0,3.0,7.0,5.0,8.0,3.0,9.0,9.0,4.0
614.0,train,False,5.0,999.0,3.0,3.0,553.0,999.0,606.0,3.0,3.0,999.0,999.0,10.0
614.0,target,True,3.0,3.0,3.0,3.0,3.0,7.0,5.0,6.0,3.0,9.0,9.0,4.0
614.0,target,False,5.0,999.0,3.0,3.0,720.0,999.0,443.0,3.0,3.0,999.0,999.0,10.0
615.0,train,True,23.0,3.0,10.0,12.0,3.0,7.0,5.0,11.0,3.0,13.0,9.0,4.0
615.0,train,False,319.0,140.0,93.0,3.0,8.0,942.0,999.0,12.0,5.0,999.0,999.0,4.0
615.0,target,True,23.0,3.0,10.0,12.0,3.0,7.0,5.0,11.0,3.0,13.0,9.0,4.0
615.0,target,False,319.0,999.0,667.0,72.0,131.0,999.0,999.0,12.0,3.0,999.0,999.0,4.0
616.0,train,True,3.0,3.0,3.0,3.0,3.0,7.0,5.0,5.0,3.0,7.0,9.0,4.0
616.0,train,False,12.0,11.0,3.0,3.0,999.0,999.0,999.0,3.0,3.0,7.0,999.0,24.0
616.0,target,True,3.0,3.0,3.0,3.0,3.0,7.0,5.0,5.0,3.0,7.0,9.0,4.0
616.0,target,False,12.0,11.0,3.0,3.0,999.0,999.0,999.0,3.0,3.0,7.0,999.0,24.0
617.0,train,True,3.0,3.0,3.0,3.0,3.0,7.0,5.0,8.0,3.0,9.0,9.0,4.0
617.0,train,False,5.0,3.0,5.0,3.0,999.0,999.0,223.0,7.0,3.0,9.0,165.0,999.0
617.0,target,True,3.0,3.0,3.0,3.0,3.0,7.0,5.0,8.0,3.0,9.0,9.0,4.0
617.0,target,False,5.0,3.0,5.0,3.0,999.0,999.0,223.0,7.0,3.0,9.0,165.0,999.0
618.0,train,True,3.0,3.0,3.0,3.0,3.0,7.0,5.0,7.0,3.0,8.0,9.0,4.0
618.0,train,False,3.0,999.0,3.0,5.0,774.0,999.0,999.0,3.0,3.0,999.0,176.0,8.0
618.0,target,True,3.0,3.0,3.0,3.0,3.0,7.0,5.0,8.0,3.0,9.0,9.0,4.0
618.0,target,False,7.0,999.0,3.0,3.0,105.0,999.0,999.0,3.0,3.0,999.0,245.0,9.0
619.0,train,True,3.0,3.0,3.0,3.0,3.0,7.0,5.0,8.0,5.0,9.0,9.0,4.0
619.0,train,False,5.0,6.0,3.0,3.0,999.0,999.0,999.0,3.0,999.0,999.0,999.0,825.0
619.0,target,True,3.0,3.0,3.0,3.0,3.0,7.0,5.0,8.0,5.0,9.0,9.0,4.0
619.0,target,False,5.0,6.0,3.0,3.0,999.0,999.0,999.0,3.0,999.0,999.0,999.0,6.0
620.0,train,True,3.0,3.0,3.0,3.0,3.0,7.0,5.0,7.0,3.0,9.0,9.0,4.0
620.0,train,False,3.0,12.0,3.0,3.0,999.0,999.0,219.0,7.0,3.0,999.0,999.0,5.0
620.0,target,True,3.0,3.0,3.0,3.0,3.0,7.0,5.0,7.0,3.0,9.0,9.0,4.0
620.0,target,False,3.0,12.0,3.0,3.0,999.0,999.0,219.0,7.0,3.0,999.0,999.0,5.0
621.0,train,True,3.0,3.0,3.0,3.0,3.0,7.0,5.0,8.0,3.0,9.0,9.0,4.0
621.0,train,False,5.0,999.0,3.0,3.0,72.0,999.0,999.0,3.0,3.0,7.0,999.0,6.0
621.0,target,True,3.0,3.0,3.0,3.0,3.0,7.0,5.0,8.0,3.0,9.0,9.0,4.0
621.0,target,False,5.0,999.0,3.0,3.0,72.0,999.0,999.0,3.0,3.0,7.0,999.0,6.0
622.0,train,True,3.0,3.0,3.0,3.0,3.0,7.0,5.0,8.0,3.0,9.0,9.0,4.0
622.0,train,False,5.0,999.0,3.0,3.0,999.0,999.0,586.0,3.0,3.0,8.0,999.0,12.0
622.0,target,True,3.0,3.0,3.0,3.0,3.0,7.0,5.0,8.0,3.0,9.0,9.0,4.0
622.0,target,False,5.0,999.0,3.0,3.0,533.0,999.0,999.0,3.0,5.0,8.0,999.0,59.0
623.0,train,True,3.0,3.0,3.0,3.0,3.0,7.0,5.0,5.0,3.0,7.0,9.0,4.0
623.0,train,False,5.0,999.0,3.0,5.0,999.0,999.0,525.0,5.0,3.0,7.0,999.0,6.0
623.0,target,True,3.0,3.0,3.0,3.0,3.0,7.0,5.0,5.0,3.0,7.0,9.0,4.0
623.0,target,False,5.0,999.0,3.0,5.0,999.0,999.0,999.0,3.0,3.0,7.0,999.0,8.0
624.0,train,True,3.0,3.0,3.0,3.0,3.0,7.0,5.0,8.0,3.0,9.0,9.0,4.0
624.0,train,False,5.0,999.0,3.0,3.0,999.0,20.0,999.0,3.0,999.0,10.0,999.0,943.0
624.0,target,True,3.0,3.0,3.0,3.0,3.0,7.0,5.0,8.0,3.0,9.0,9.0,4.0
624.0,target,False,5.0,999.0,3.0,3.0,999.0,11.0,999.0,5.0,999.0,7.0,999.0,949.0
625.0,train,True,3.0,3.0,3.0,3.0,3.0,7.0,5.0,7.0,3.0,9.0,9.0,4.0
625.0,train,False,3.0,3.0,3.0,3.0,999.0,583.0,999.0,3.0,3.0,7.0,999.0,399.0
625.0,target,True,3.0,3.0,3.0,3.0,3.0,7.0,5.0,7.0,3.0,9.0,9.0,4.0
625.0,target,False,3.0,3.0,3.0,3.0,999.0,583.0,999.0,3.0,3.0,7.0,999.0,399.0
626.0,train,True,3.0,3.0,3.0,3.0,3.0,7.0,5.0,5.0,5.0,7.0,9.0,4.0
626.0,train,False,3.0,999.0,3.0,5.0,8.0,999.0,999.0,6.0,999.0,999.0,999.0,4.0
626.0,target,True,3.0,3.0,3.0,3.0,3.0,7.0,5.0,5.0,5.0,7.0,9.0,4.0
626.0,target,False,3.0,3.0,3.0,3.0,21.0,967.0,999.0,3.0,3.0,7.0,999.0,4.0
627.0,train,True,3.0,3.0,3.0,3.0,3.0,7.0,5.0,8.0,3.0,9.0,9.0,4.0
627.0,train,False,5.0,5.0,3.0,3.0,343.0,999.0,999.0,3.0,5.0,999.0,999.0,4.0
627.0,target,True,3.0,3.0,3.0,3.0,3.0,7.0,5.0,8.0,3.0,9.0,9.0,4.0
627.0,target,False,5.0,5.0,3.0,3.0,91.0,490.0,999.0,3.0,3.0,7.0,999.0,4.0
628.0,train,True,3.0,3.0,3.0,3.0,3.0,7.0,5.0,5.0,3.0,7.0,9.0,4.0
628.0,train,False,5.0,999.0,3.0,5.0,423.0,999.0,999.0,3.0,3.0,9.0,999.0,4.0
628.0,target,True,3.0,3.0,3.0,3.0,3.0,7.0,5.0,5.0,3.0,7.0,9.0,4.0
628.0,target,False,5.0,999.0,3.0,5.0,54.0,393.0,999.0,3.0,3.0,7.0,999.0,147.0
629.0,train,True,27.0,3.0,10.0,12.0,3.0,7.0,5.0,6.0,3.0,7.0,9.0,4.0
629.0,train,False,498.0,999.0,27.0,6.0,78.0,999.0,999.0,376.0,3.0,7.0,999.0,6.0
629.0,target,True,27.0,3.0,10.0,12.0,3.0,7.0,5.0,10.0,3.0,7.0,9.0,4.0
629.0,target,False,493.0,999.0,27.0,6.0,999.0,999.0,999.0,999.0,3.0,7.0,999.0,6.0
630.0,train,True,24.0,3.0,10.0,8.0,3.0,7.0,5.0,11.0,3.0,17.0,9.0,4.0
630.0,train,False,999.0,999.0,217.0,446.0,103.0,999.0,999.0,40.0,3.0,66.0,999.0,10.0
630.0,target,True,24.0,3.0,10.0,8.0,3.0,7.0,5.0,11.0,3.0,17.0,9.0,4.0
630.0,target,False,999.0,999.0,913.0,999.0,7.0,999.0,999.0,60.0,3.0,999.0,999.0,4.0
631.0,train,True,3.0,3.0,3.0,3.0,3.0,7.0,5.0,8.0,3.0,9.0,9.0,4.0
631.0,train,False,5.0,999.0,3.0,3.0,999.0,999.0,999.0,5.0,3.0,7.0,999.0,10.0
631.0,target,True,3.0,3.0,3.0,3.0,3.0,7.0,5.0,8.0,3.0,9.0,9.0,4.0
631.0,target,False,5.0,301.0,3.0,3.0,999.0,999.0,999.0,5.0,3.0,7.0,999.0,20.0
632.0,train,True,30.0,3.0,10.0,6.0,3.0,7.0,5.0,11.0,3.0,8.0,9.0,4.0
632.0,train,False,999.0,999.0,999.0,999.0,115.0,999.0,999.0,106.0,3.0,7.0,999.0,6.0
632.0,target,True,30.0,3.0,10.0,6.0,3.0,7.0,5.0,11.0,3.0,7.0,9.0,4.0
632.0,target,False,999.0,999.0,999.0,999.0,75.0,999.0,999.0,999.0,3.0,7.0,999.0,6.0
633.0,train,True,7.0,3.0,10.0,13.0,3.0,7.0,5.0,11.0,3.0,7.0,9.0,4.0
633.0,train,False,13.0,999.0,59.0,59.0,56.0,999.0,999.0,49.0,5.0,15.0,999.0,999.0
633.0,target,True,7.0,3.0,10.0,13.0,3.0,7.0,5.0,11.0,3.0,7.0,9.0,4.0
633.0,target,False,13.0,999.0,59.0,59.0,56.0,999.0,999.0,49.0,5.0,15.0,999.0,999.0
634.0,train,True,3.0,3.0,3.0,3.0,3.0,7.0,5.0,8.0,3.0,9.0,9.0,4.0
634.0,train,False,5.0,3.0,7.0,3.0,297.0,999.0,999.0,3.0,3.0,8.0,999.0,6.0
634.0,target,True,3.0,3.0,3.0,3.0,3.0,7.0,5.0,8.0,3.0,9.0,9.0,4.0
634.0,target,False,5.0,3.0,7.0,3.0,261.0,603.0,999.0,3.0,3.0,8.0,999.0,4.0
635.0,train,True,27.0,3.0,10.0,12.0,3.0,7.0,5.0,10.0,3.0,8.0,9.0,4.0
635.0,train,False,752.0,415.0,32.0,141.0,484.0,299.0,985.0,373.0,3.0,999.0,999.0,143.0
635.0,target,True,27.0,3.0,10.0,12.0,3.0,7.0,5.0,10.0,3.0,8.0,9.0,4.0
635.0,target,False,752.0,415.0,32.0,76.0,96.0,588.0,999.0,71.0,3.0,7.0,999.0,136.0
636.0,train,True,7.0,3.0,10.0,13.0,3.0,7.0,5.0,12.0,3.0,21.0,9.0,4.0
636.0,train,False,363.0,5.0,99.0,35.0,67.0,999.0,999.0,24.0,3.0,49.0,999.0,4.0
636.0,target,True,7.0,3.0,10.0,13.0,3.0,7.0,5.0,12.0,3.0,21.0,9.0,4.0
636.0,target,False,363.0,5.0,99.0,35.0,67.0,999.0,999.0,24.0,3.0,41.0,999.0,4.0
637.0,train,True,3.0,3.0,3.0,3.0,3.0,7.0,5.0,5.0,3.0,17.0,9.0,4.0
637.0,train,False,4.0,3.0,3.0,3.0,999.0,999.0,999.0,3.0,999.0,999.0,999.0,4.0
637.0,target,True,3.0,3.0,3.0,3.0,3.0,7.0,5.0,5.0,3.0,17.0,9.0,4.0
637.0,target,False,4.0,3.0,3.0,3.0,999.0,999.0,999.0,3.0,999.0,999.0,999.0,4.0
638.0,train,True,27.0,3.0,10.0,12.0,3.0,7.0,5.0,10.0,3.0,12.0,9.0,4.0
638.0,train,False,999.0,147.0,73.0,97.0,177.0,439.0,999.0,5.0,999.0,999.0,999.0,4.0
638.0,target,True,27.0,3.0,10.0,12.0,3.0,7.0,5.0,10.0,3.0,7.0,9.0,4.0
638.0,target,False,5.0,999.0,113.0,130.0,174.0,537.0,999.0,5.0,999.0,999.0,999.0,4.0
639.0,train,True,24.0,3.0,10.0,12.0,3.0,7.0,5.0,11.0,5.0,17.0,9.0,4.0
639.0,train,False,999.0,999.0,999.0,108.0,999.0,999.0,999.0,100.0,77.0,16.0,999.0,4.0
639.0,target,True,24.0,3.0,10.0,12.0,3.0,7.0,5.0,11.0,5.0,17.0,9.0,4.0
639.0,target,False,999.0,999.0,999.0,108.0,999.0,999.0,999.0,100.0,77.0,16.0,999.0,4.0
640.0,train,True,3.0,3.0,3.0,3.0,3.0,7.0,5.0,8.0,3.0,9.0,9.0,4.0
640.0,train,False,5.0,999.0,3.0,3.0,104.0,999.0,999.0,3.0,3.0,7.0,999.0,6.0
640.0,target,True,3.0,3.0,3.0,3.0,3.0,7.0,5.0,8.0,3.0,9.0,9.0,4.0
640.0,target,False,5.0,999.0,3.0,3.0,104.0,999.0,999.0,3.0,3.0,7.0,999.0,4.0
641.0,train,True,3.0,3.0,3.0,3.0,3.0,7.0,5.0,5.0,3.0,7.0,9.0,4.0
641.0,train,False,5.0,5.0,3.0,3.0,999.0,999.0,586.0,10.0,3.0,7.0,999.0,6.0
641.0,target,True,3.0,3.0,3.0,3.0,3.0,7.0,5.0,5.0,3.0,7.0,9.0,4.0
641.0,target,False,5.0,5.0,3.0,3.0,999.0,999.0,247.0,5.0,5.0,7.0,999.0,7.0
642.0,train,True,3.0,3.0,3.0,3.0,3.0,7.0,5.0,6.0,3.0,9.0,9.0,4.0
642.0,train,False,5.0,815.0,3.0,3.0,999.0,351.0,999.0,3.0,5.0,7.0,999.0,4.0
642.0,target,True,27.0,3.0,10.0,9.0,3.0,7.0,7.0,11.0,3.0,7.0,9.0,4.0
642.0,target,False,123.0,630.0,98.0,20.0,999.0,246.0,999.0,40.0,3.0,7.0,999.0,4.0
643.0,train,True,30.0,3.0,10.0,10.0,3.0,7.0,7.0,4.0,5.0,10.0,9.0,4.0
643.0,train,False,624.0,383.0,939.0,35.0,130.0,369.0,303.0,508.0,3.0,7.0,999.0,4.0
643.0,target,True,7.0,3.0,10.0,13.0,3.0,7.0,5.0,11.0,3.0,7.0,9.0,4.0
643.0,target,False,13.0,999.0,59.0,59.0,101.0,999.0,999.0,27.0,3.0,7.0,999.0,4.0
